combo_id,subject_id,required_score,remark
0,4,13,社=13
1,1,12,英=12
2,0,15,國=15
3,1,15,英=15
4,0,13,國=13
5,1,13,英=13
6,4,14,社=14
7,0,13,國=13
8,1,14,英=14
9,1,14,英=14
10,44,53,國+英+數B+社=53
11,23,40,國+英+社=40
12,0,14,國=14
13,1,14,英=14
14,23,41,國+英+社=41
15,4,14,社=14
16,6,27,國+英=27
17,5,13,自=13
18,2,14,數A=14
19,5,14,自=14
20,2,15,數A=15
21,2,11,數A=11
22,5,14,自=14
23,1,14,英=14
24,43,47,國+英+數A+自=47
25,2,10,數A=10
26,5,13,自=13
27,33,41,英+數A+自=41
28,32,33,英+數A+社=33
29,4,13,社=13
30,2,9,數A=9
31,1,13,英=13
32,43,43,國+英+數A+自=43
33,17,25,數A+自=25
34,9,28,國+社=28
35,1,14,英=14
36,9,29,國+社=29
37,1,15,英=15
38,9,28,國+社=28
39,1,14,英=14
40,20,26,社+自=26
41,2,12,數A=12
42,1,13,英=13
43,2,13,數A=13
44,4,12,社=12
45,2,12,數A=12
46,3,10,數B=10
47,23,42,國+英+社=42
48,28,38,國+數B+社=38
49,1,13,英=13
50,0,14,國=14
51,43,58,國+英+數A+自=58
52,33,44,英+數A+自=44
53,0,14,國=14
54,43,55,國+英+數A+自=55
55,33,41,英+數A+自=41
56,43,59,國+英+數A+自=59
57,33,45,英+數A+自=45
58,17,28,數A+自=28
59,6,27,國+英=27
60,5,14,自=14
61,1,12,英=12
62,5,13,自=13
63,33,41,英+數A+自=41
64,1,13,英=13
65,0,14,國=14
66,17,24,數A+自=24
67,43,51,國+英+數A+自=51
68,33,41,英+數A+自=41
69,1,13,英=13
70,17,27,數A+自=27
71,33,23,英+數A+自=23
72,5,12,自=12
73,2,13,數A=13
74,1,12,英=12
75,2,13,數A=13
76,5,15,自=15
77,33,41,英+數A+自=41
78,0,14,國=14
79,43,16,國+英+數A+自=16
80,5,12,自=12
81,11,23,英+數A=23
82,1,8,英=8
83,2,10,數A=10
84,5,13,自=13
85,43,40,國+英+數A+自=40
86,2,8,數A=8
87,5,14,自=14
88,5,14,自=14
89,21,33,國+英+數A=33
90,5,14,自=14
91,1,14,英=14
92,2,10,數A=10
93,1,13,英=13
94,5,13,自=13
95,43,53,國+英+數A+自=53
96,1,14,英=14
97,7,25,國+數A=25
98,5,14,自=14
99,42,44,國+英+數A+社=44
100,33,25,英+數A+自=25
101,1,13,英=13
102,17,26,數A+自=26
103,33,32,英+數A+自=32
104,5,13,自=13
105,1,14,英=14
106,5,13,自=13
107,42,52,國+英+數A+社=52
108,2,11,數A=11
109,43,52,國+英+數A+自=52
110,11,26,英+數A=26
111,21,38,國+英+數A=38
112,11,26,英+數A=26
113,21,40,國+英+數A=40
114,2,13,數A=13
115,1,14,英=14
116,42,51,國+英+數A+社=51
117,1,15,英=15
118,43,53,國+英+數A+自=53
119,11,28,英+數A=28
120,33,38,英+數A+自=38
121,33,44,英+數A+自=44
122,14,26,英+自=26
123,2,15,數A=15
124,6,30,國+英=30
125,6,30,國+英=30
126,6,30,國+英=30
127,43,49,國+英+數A+自=49
128,14,27,英+自=27
129,2,6,數A=6
130,1,13,英=13
131,5,14,自=14
132,0,13,國=13
133,1,13,英=13
134,44,43,國+英+數B+社=43
135,23,35,國+英+社=35
136,32,34,英+數A+社=34
137,43,41,國+英+數A+自=41
138,33,31,英+數A+自=31
139,43,45,國+英+數A+自=45
140,33,32,英+數A+自=32
141,43,45,國+英+數A+自=45
142,33,33,英+數A+自=33
143,42,44,國+英+數A+社=44
144,11,20,英+數A=20
145,43,38,國+英+數A+自=38
146,33,30,英+數A+自=30
147,0,13,國=13
148,43,56,國+英+數A+自=56
149,33,42,英+數A+自=42
150,44,51,國+英+數B+社=51
151,44,54,國+英+數B+社=54
152,12,21,英+數B=21
153,9,26,國+社=26
154,6,25,國+英=25
155,44,47,國+英+數B+社=47
156,44,46,國+英+數B+社=46
157,3,10,數B=10
158,1,11,英=11
159,44,47,國+英+數B+社=47
160,4,14,社=14
161,6,25,國+英=25
162,1,12,英=12
163,0,13,國=13
164,6,19,國+英=19
165,1,9,英=9
166,0,10,國=10
167,0,12,國=12
168,2,10,數A=10
169,6,21,國+英=21
170,1,13,英=13
171,23,37,國+英+社=37
172,0,14,國=14
173,1,14,英=14
174,23,36,國+英+社=36
175,0,12,國=12
176,1,11,英=11
177,4,14,社=14
178,4,11,社=11
179,1,8,英=8
180,3,8,數B=8
181,0,13,國=13
182,1,10,英=10
183,4,13,社=13
184,33,31,英+數A+自=31
185,2,12,數A=12
186,5,13,自=13
187,2,11,數A=11
188,5,10,自=10
189,2,8,數A=8
190,1,12,英=12
191,2,9,數A=9
192,5,13,自=13
193,43,42,國+英+數A+自=42
194,5,14,自=14
195,2,8,數A=8
196,5,13,自=13
197,1,11,英=11
198,2,12,數A=12
199,43,42,國+英+數A+自=42
200,5,13,自=13
201,5,12,自=12
202,2,7,數A=7
203,1,10,英=10
204,2,8,數A=8
205,0,12,國=12
206,1,12,英=12
207,14,25,英+自=25
208,2,10,數A=10
209,43,49,國+英+數A+自=49
210,14,25,英+自=25
211,2,12,數A=12
212,11,22,英+數A=22
213,5,13,自=13
214,0,13,國=13
215,1,13,英=13
216,1,12,英=12
217,0,12,國=12
218,3,8,數B=8
219,0,13,國=13
220,1,14,英=14
221,22,36,國+英+數B=36
222,0,9,國=9
223,2,8,數A=8
224,5,10,自=10
225,2,8,數A=8
226,5,12,自=12
227,0,10,國=10
228,1,10,英=10
229,0,11,國=11
230,6,22,國+英=22
231,1,10,英=10
232,0,13,國=13
233,0,11,國=11
234,1,14,英=14
235,6,21,國+英=21
236,4,14,社=14
237,4,10,社=10
238,1,8,英=8
239,0,12,國=12
240,42,45,國+英+數A+社=45
241,2,8,數A=8
242,1,14,英=14
243,1,11,英=11
244,3,10,數B=10
245,9,25,國+社=25
246,24,34,國+英+自=34
247,2,12,數A=12
248,42,43,國+英+數A+社=43
249,4,13,社=13
250,1,12,英=12
251,1,12,英=12
252,0,13,國=13
253,21,31,國+英+數A=31
254,2,9,數A=9
255,1,12,英=12
256,1,13,英=13
257,0,13,國=13
258,4,14,社=14
259,1,10,英=10
260,2,11,數A=11
261,5,13,自=13
262,2,10,數A=10
263,1,12,英=12
264,2,10,數A=10
265,1,13,英=13
266,2,11,數A=11
267,5,10,自=10
268,1,11,英=11
269,2,6,數A=6
270,5,10,自=10
271,1,11,英=11
272,2,8,數A=8
273,33,31,英+數A+自=31
274,1,10,英=10
275,1,11,英=11
276,17,24,數A+自=24
277,17,21,數A+自=21
278,33,34,英+數A+自=34
279,1,10,英=10
280,17,23,數A+自=23
281,1,13,英=13
282,5,12,自=12
283,2,10,數A=10
284,1,14,英=14
285,17,24,數A+自=24
286,5,11,自=11
287,11,20,英+數A=20
288,33,40,英+數A+自=40
289,33,37,英+數A+自=37
290,14,25,英+自=25
291,2,13,數A=13
292,1,12,英=12
293,17,26,數A+自=26
294,14,18,英+自=18
295,2,11,數A=11
296,1,10,英=10
297,5,11,自=11
298,2,8,數A=8
299,43,44,國+英+數A+自=44
300,0,11,國=11
301,14,24,英+自=24
302,24,28,國+英+自=28
303,0,11,國=11
304,5,12,自=12
305,1,8,英=8
306,5,12,自=12
307,5,12,自=12
308,5,11,自=11
309,1,8,英=8
310,5,10,自=10
311,43,45,國+英+數A+自=45
312,0,11,國=11
313,14,21,英+自=21
314,21,32,國+英+數A=32
315,5,12,自=12
316,1,10,英=10
317,5,12,自=12
318,1,10,英=10
319,5,12,自=12
320,24,37,國+英+自=37
321,0,12,國=12
322,1,10,英=10
323,6,23,國+英=23
324,1,11,英=11
325,5,9,自=9
326,1,8,英=8
327,5,13,自=13
328,1,12,英=12
329,33,39,英+數A+自=39
330,6,21,國+英=21
331,23,30,國+英+社=30
332,33,25,英+數A+自=25
333,33,30,英+數A+自=30
334,14,19,英+自=19
335,33,23,英+數A+自=23
336,13,22,英+社=22
337,0,14,國=14
338,23,39,國+英+社=39
339,4,13,社=13
340,0,13,國=13
341,1,14,英=14
342,0,12,國=12
343,1,12,英=12
344,4,14,社=14
345,4,12,社=12
346,1,11,英=11
347,0,13,國=13
348,14,20,英+自=20
349,33,34,英+數A+自=34
350,2,13,數A=13
351,1,13,英=13
352,17,25,數A+自=25
353,5,14,自=14
354,5,9,自=9
355,2,10,數A=10
356,43,43,國+英+數A+自=43
357,17,28,數A+自=28
358,33,36,英+數A+自=36
359,43,50,國+英+數A+自=50
360,33,38,英+數A+自=38
361,43,51,國+英+數A+自=51
362,33,39,英+數A+自=39
363,33,40,英+數A+自=40
364,0,11,國=11
365,1,11,英=11
366,5,12,自=12
367,2,10,數A=10
368,43,48,國+英+數A+自=48
369,6,23,國+英=23
370,17,23,數A+自=23
371,43,49,國+英+數A+自=49
372,1,8,英=8
373,0,11,國=11
374,5,12,自=12
375,2,11,數A=11
376,43,43,國+英+數A+自=43
377,2,12,數A=12
378,5,14,自=14
379,2,10,數A=10
380,5,13,自=13
381,24,38,國+英+自=38
382,1,11,英=11
383,17,25,數A+自=25
384,43,52,國+英+數A+自=52
385,1,11,英=11
386,17,22,數A+自=22
387,43,49,國+英+數A+自=49
388,43,47,國+英+數A+自=47
389,33,36,英+數A+自=36
390,43,48,國+英+數A+自=48
391,33,39,英+數A+自=39
392,1,12,英=12
393,2,11,數A=11
394,21,38,國+英+數A=38
395,10,22,國+自=22
396,2,10,數A=10
397,1,13,英=13
398,1,12,英=12
399,2,12,數A=12
400,44,45,國+英+數B+社=45
401,3,12,數B=12
402,1,13,英=13
403,12,27,英+數B=27
404,0,13,國=13
405,1,13,英=13
406,17,28,數A+自=28
407,43,58,國+英+數A+自=58
408,0,14,國=14
409,1,13,英=13
410,17,27,數A+自=27
411,43,55,國+英+數A+自=55
412,6,30,國+英=30
413,17,28,數A+自=28
414,43,59,國+英+數A+自=59
415,43,46,國+英+數A+自=46
416,1,14,英=14
417,5,13,自=13
418,0,13,國=13
419,5,11,自=11
420,1,13,英=13
421,1,14,英=14
422,43,52,國+英+數A+自=52
423,43,49,國+英+數A+自=49
424,5,13,自=13
425,1,14,英=14
426,5,15,自=15
427,43,55,國+英+數A+自=55
428,0,14,國=14
429,4,12,社=12
430,0,13,國=13
431,1,13,英=13
432,0,13,國=13
433,1,13,英=13
434,2,10,數A=10
435,1,14,英=14
436,0,13,國=13
437,4,14,社=14
438,33,39,英+數A+自=39
439,33,42,英+數A+自=42
440,33,42,英+數A+自=42
441,33,42,英+數A+自=42
442,11,27,英+數A=27
443,33,40,英+數A+自=40
444,43,50,國+英+數A+自=50
445,6,23,國+英=23
446,2,11,數A=11
447,43,49,國+英+數A+自=49
448,1,12,英=12
449,2,9,數A=9
450,5,13,自=13
451,0,13,國=13
452,1,12,英=12
453,5,13,自=13
454,6,24,國+英=24
455,5,13,自=13
456,2,12,數A=12
457,4,10,社=10
458,1,8,英=8
459,0,11,國=11
460,1,8,英=8
461,3,6,數B=6
462,5,9,自=9
463,2,6,數A=6
464,5,9,自=9
465,2,6,數A=6
466,1,8,英=8
467,2,6,數A=6
468,5,10,自=10
469,4,10,社=10
470,0,11,國=11
471,0,10,國=10
472,4,13,社=13
473,0,10,國=10
474,1,7,英=7
475,23,33,國+英+社=33
476,4,13,社=13
477,0,5,國=5
478,1,3,英=3
479,23,29,國+英+社=29
480,6,22,國+英=22
481,23,32,國+英+社=32
482,0,9,國=9
483,1,10,英=10
484,2,8,數A=8
485,11,10,英+數A=10
486,2,7,數A=7
487,5,11,自=11
488,1,9,英=9
489,21,30,國+英+數A=30
490,4,10,社=10
491,0,12,國=12
492,1,12,英=12
493,1,7,英=7
494,3,9,數B=9
495,22,31,國+英+數B=31
496,22,28,國+英+數B=28
497,1,8,英=8
498,0,11,國=11
499,0,6,國=6
500,1,8,英=8
501,12,17,英+數B=17
502,4,12,社=12
503,1,11,英=11
504,0,14,國=14
505,0,12,國=12
506,1,11,英=11
507,4,14,社=14
508,44,46,國+英+數B+社=46
509,0,13,國=13
510,1,12,英=12
511,44,50,國+英+數B+社=50
512,1,13,英=13
513,13,25,英+社=25
514,1,13,英=13
515,4,15,社=15
516,1,9,英=9
517,0,12,國=12
518,13,27,英+社=27
519,21,32,國+英+數A=32
520,0,13,國=13
521,1,13,英=13
522,2,10,數A=10
523,4,13,社=13
524,0,13,國=13
525,1,13,英=13
526,0,12,國=12
527,11,20,英+數A=20
528,42,47,國+英+數A+社=47
529,6,24,國+英=24
530,2,9,數A=9
531,42,48,國+英+數A+社=48
532,0,12,國=12
533,11,20,英+數A=20
534,43,44,國+英+數A+自=44
535,16,23,數A+社=23
536,1,13,英=13
537,44,40,國+英+數B+社=40
538,6,23,國+英=23
539,4,12,社=12
540,23,43,國+英+社=43
541,42,43,國+英+數A+社=43
542,0,12,國=12
543,1,14,英=14
544,2,9,數A=9
545,21,39,國+英+數A=39
546,11,26,英+數A=26
547,42,44,國+英+數A+社=44
548,11,24,英+數A=24
549,2,9,數A=9
550,1,11,英=11
551,42,49,國+英+數A+社=49
552,2,9,數A=9
553,1,11,英=11
554,43,48,國+英+數A+自=48
555,9,27,國+社=27
556,11,23,英+數A=23
557,0,13,國=13
558,1,13,英=13
559,2,10,數A=10
560,21,38,國+英+數A=38
561,11,26,英+數A=26
562,0,14,國=14
563,42,51,國+英+數A+社=51
564,21,38,國+英+數A=38
565,6,26,國+英=26
566,44,51,國+英+數B+社=51
567,11,23,英+數A=23
568,43,47,國+英+數A+自=47
569,44,31,國+英+數B+社=31
570,1,14,英=14
571,4,10,社=10
572,0,12,國=12
573,1,13,英=13
574,4,12,社=12
575,0,12,國=12
576,1,12,英=12
577,0,14,國=14
578,4,12,社=12
579,1,13,英=13
580,13,23,英+社=23
581,0,13,國=13
582,4,13,社=13
583,0,12,國=12
584,1,12,英=12
585,4,12,社=12
586,0,12,國=12
587,1,13,英=13
588,4,13,社=13
589,0,13,國=13
590,1,14,英=14
591,4,13,社=13
592,0,13,國=13
593,1,14,英=14
594,4,11,社=11
595,6,23,國+英=23
596,4,10,社=10
597,6,23,國+英=23
598,4,12,社=12
599,6,25,國+英=25
600,0,14,國=14
601,13,28,英+社=28
602,44,54,國+英+數B+社=54
603,2,11,數A=11
604,17,25,數A+自=25
605,0,14,國=14
606,1,13,英=13
607,2,10,數A=10
608,2,11,數A=11
609,43,50,國+英+數A+自=50
610,43,35,國+英+數A+自=35
611,2,9,數A=9
612,18,24,數B+社=24
613,23,30,國+英+社=30
614,21,26,國+英+數A=26
615,0,12,國=12
616,2,11,數A=11
617,14,30,英+自=30
618,14,22,英+自=22
619,0,10,國=10
620,1,9,英=9
621,5,12,自=12
622,21,42,國+英+數A=42
623,5,15,自=15
624,5,9,自=9
625,0,10,國=10
626,1,9,英=9
627,1,13,英=13
628,5,14,自=14
629,43,38,國+英+數A+自=38
630,5,8,自=8
631,1,9,英=9
632,1,8,英=8
633,2,8,數A=8
634,14,26,英+自=26
635,5,10,自=10
636,2,9,數A=9
637,1,11,英=11
638,6,26,國+英=26
639,2,10,數A=10
640,1,11,英=11
641,5,13,自=13
642,6,22,國+英=22
643,1,10,英=10
644,5,11,自=11
645,1,11,英=11
646,5,11,自=11
647,1,8,英=8
648,5,11,自=11
649,14,22,英+自=22
650,1,13,英=13
651,0,10,國=10
652,1,8,英=8
653,6,26,國+英=26
654,2,11,數A=11
655,5,14,自=14
656,1,14,英=14
657,2,11,數A=11
658,5,14,自=14
659,1,12,英=12
660,2,10,數A=10
661,5,13,自=13
662,10,23,國+自=23
663,0,10,國=10
664,1,9,英=9
665,0,10,國=10
666,5,9,自=9
667,0,11,國=11
668,2,8,數A=8
669,5,9,自=9
670,2,8,數A=8
671,5,10,自=10
672,2,9,數A=9
673,11,15,英+數A=15
674,5,11,自=11
675,11,15,英+數A=15
676,5,12,自=12
677,43,34,國+英+數A+自=34
678,2,7,數A=7
679,5,8,自=8
680,1,8,英=8
681,33,27,英+數A+自=27
682,33,29,英+數A+自=29
683,33,31,英+數A+自=31
684,7,18,國+數A=18
685,2,8,數A=8
686,27,29,國+數A+自=29
687,5,11,自=11
688,5,9,自=9
689,24,28,國+英+自=28
690,2,10,數A=10
691,7,18,國+數A=18
692,6,20,國+英=20
693,1,11,英=11
694,1,12,英=12
695,11,21,英+數A=21
696,11,18,英+數A=18
697,11,17,英+數A=17
698,9,18,國+社=18
699,9,21,國+社=21
700,9,22,國+社=22
701,3,5,數B=5
702,9,20,國+社=20
703,1,9,英=9
704,13,16,英+社=16
705,0,12,國=12
706,0,11,國=11
707,4,12,社=12
708,0,10,國=10
709,1,8,英=8
710,0,12,國=12
711,1,9,英=9
712,0,11,國=11
713,1,10,英=10
714,21,30,國+英+數A=30
715,0,11,國=11
716,23,32,國+英+社=32
717,6,21,國+英=21
718,24,30,國+英+自=30
719,0,11,國=11
720,0,11,國=11
721,1,8,英=8
722,1,6,英=6
723,0,11,國=11
724,0,10,國=10
725,1,9,英=9
726,1,5,英=5
727,0,10,國=10
728,0,9,國=9
729,9,22,國+社=22
730,1,11,英=11
731,4,12,社=12
732,1,6,英=6
733,0,11,國=11
734,4,7,社=7
735,0,10,國=10
736,11,14,英+數A=14
737,14,19,英+自=19
738,14,18,英+自=18
739,14,19,英+自=19
740,24,27,國+英+自=27
741,7,16,國+數A=16
742,2,9,數A=9
743,8,16,國+數B=16
744,3,10,數B=10
745,17,19,數A+自=19
746,0,9,國=9
747,2,7,數A=7
748,0,9,國=9
749,1,8,英=8
750,5,8,自=8
751,24,25,國+英+自=25
752,33,27,英+數A+自=27
753,0,12,國=12
754,1,6,英=6
755,0,11,國=11
756,22,27,國+英+數B=27
757,0,10,國=10
758,4,12,社=12
759,22,28,國+英+數B=28
760,2,7,數A=7
761,7,17,國+數A=17
762,3,4,數B=4
763,8,13,國+數B=13
764,0,9,國=9
765,1,8,英=8
766,3,9,數B=9
767,9,20,國+社=20
768,6,18,國+英=18
769,9,24,國+社=24
770,4,7,社=7
771,0,11,國=11
772,9,21,國+社=21
773,24,25,國+英+自=25
774,1,5,英=5
775,5,9,自=9
776,34,23,英+數B+社=23
777,6,17,國+英=17
778,6,24,國+英=24
779,24,31,國+英+自=31
780,23,31,國+英+社=31
781,6,19,國+英=19
782,1,10,英=10
783,0,12,國=12
784,1,9,英=9
785,1,7,英=7
786,6,17,國+英=17
787,4,12,社=12
788,1,11,英=11
789,0,13,國=13
790,3,6,數B=6
791,4,11,社=11
792,1,12,英=12
793,0,14,國=14
794,6,28,國+英=28
795,44,47,國+英+數B+社=47
796,4,12,社=12
797,1,11,英=11
798,0,13,國=13
799,4,12,社=12
800,0,12,國=12
801,1,12,英=12
802,22,38,國+英+數B=38
803,1,14,英=14
804,1,13,英=13
805,23,37,國+英+社=37
806,8,20,國+數B=20
807,1,13,英=13
808,0,13,國=13
809,1,12,英=12
810,0,12,國=12
811,13,24,英+社=24
812,3,10,數B=10
813,21,37,國+英+數A=37
814,21,38,國+英+數A=38
815,21,39,國+英+數A=39
816,17,23,數A+自=23
817,33,37,英+數A+自=37
818,11,25,英+數A=25
819,33,38,英+數A+自=38
820,2,12,數A=12
821,17,27,數A+自=27
822,2,11,數A=11
823,17,26,數A+自=26
824,2,13,數A=13
825,17,26,數A+自=26
826,1,11,英=11
827,5,13,自=13
828,2,12,數A=12
829,1,8,英=8
830,17,27,數A+自=27
831,7,17,國+數A=17
832,14,26,英+自=26
833,43,51,國+英+數A+自=51
834,43,53,國+英+數A+自=53
835,43,52,國+英+數A+自=52
836,33,40,英+數A+自=40
837,33,33,英+數A+自=33
838,43,52,國+英+數A+自=52
839,2,12,數A=12
840,5,14,自=14
841,1,14,英=14
842,10,25,國+自=25
843,11,25,英+數A=25
844,43,54,國+英+數A+自=54
845,14,28,英+自=28
846,2,14,數A=14
847,5,13,自=13
848,11,28,英+數A=28
849,43,55,國+英+數A+自=55
850,24,32,國+英+自=32
851,2,14,數A=14
852,33,41,英+數A+自=41
853,11,25,英+數A=25
854,5,15,自=15
855,1,11,英=11
856,2,11,數A=11
857,1,12,英=12
858,5,13,自=13
859,43,50,國+英+數A+自=50
860,43,51,國+英+數A+自=51
861,11,24,英+數A=24
862,1,14,英=14
863,23,32,國+英+社=32
864,6,23,國+英=23
865,33,29,英+數A+自=29
866,33,34,英+數A+自=34
867,0,12,國=12
868,11,21,英+數A=21
869,0,10,國=10
870,1,13,英=13
871,0,10,國=10
872,1,11,英=11
873,0,12,國=12
874,1,12,英=12
875,0,12,國=12
876,1,12,英=12
877,9,24,國+社=24
878,17,28,數A+自=28
879,49,57,國+數A+社+自=57
880,9,27,國+社=27
881,17,27,數A+自=27
882,49,56,國+數A+社+自=56
883,0,14,國=14
884,11,27,英+數A=27
885,5,15,自=15
886,0,14,國=14
887,11,27,英+數A=27
888,5,14,自=14
889,5,13,自=13
890,2,12,數A=12
891,24,25,國+英+自=25
892,10,23,國+自=23
893,1,4,英=4
894,5,13,自=13
895,1,4,英=4
896,5,12,自=12
897,1,12,英=12
898,5,13,自=13
899,5,8,自=8
900,1,12,英=12
901,1,4,英=4
902,5,12,自=12
903,0,13,國=13
904,1,4,英=4
905,5,11,自=11
906,1,12,英=12
907,1,4,英=4
908,0,12,國=12
909,5,7,自=7
910,1,13,英=13
911,1,6,英=6
912,5,11,自=11
913,33,45,英+數A+自=45
914,14,28,英+自=28
915,2,14,數A=14
916,2,14,數A=14
917,14,28,英+自=28
918,24,41,國+英+自=41
919,5,14,自=14
920,1,14,英=14
921,17,26,數A+自=26
922,1,14,英=14
923,14,25,英+自=25
924,2,15,數A=15
925,14,26,英+自=26
926,2,14,數A=14
927,14,27,英+自=27
928,2,13,數A=13
929,33,42,英+數A+自=42
930,14,23,英+自=23
931,2,9,數A=9
932,33,41,英+數A+自=41
933,24,43,國+英+自=43
934,14,29,英+自=29
935,33,36,英+數A+自=36
936,43,51,國+英+數A+自=51
937,2,10,數A=10
938,14,25,英+自=25
939,2,10,數A=10
940,1,12,英=12
941,5,12,自=12
942,33,39,英+數A+自=39
943,33,38,英+數A+自=38
944,17,28,數A+自=28
945,33,42,英+數A+自=42
946,33,32,英+數A+自=32
947,43,52,國+英+數A+自=52
948,14,17,英+自=17
949,2,13,數A=13
950,1,13,英=13
951,2,8,數A=8
952,5,13,自=13
953,33,36,英+數A+自=36
954,5,12,自=12
955,2,12,數A=12
956,1,13,英=13
957,2,13,數A=13
958,11,26,英+數A=26
959,21,37,國+英+數A=37
960,43,49,國+英+數A+自=49
961,14,25,英+自=25
962,2,12,數A=12
963,1,14,英=14
964,3,12,數B=12
965,23,41,國+英+社=41
966,0,12,國=12
967,4,13,社=13
968,1,13,英=13
969,17,24,數A+自=24
970,11,23,英+數A=23
971,33,34,英+數A+自=34
972,21,31,國+英+數A=31
973,23,35,國+英+社=35
974,33,42,英+數A+自=42
975,5,14,自=14
976,33,35,英+數A+自=35
977,5,13,自=13
978,33,31,英+數A+自=31
979,5,12,自=12
980,33,32,英+數A+自=32
981,5,12,自=12
982,0,13,國=13
983,43,57,國+英+數A+自=57
984,33,44,英+數A+自=44
985,43,58,國+英+數A+自=58
986,33,44,英+數A+自=44
987,6,29,國+英=29
988,43,58,國+英+數A+自=58
989,17,29,數A+自=29
990,0,14,國=14
991,43,55,國+英+數A+自=55
992,1,14,英=14
993,17,26,數A+自=26
994,0,12,國=12
995,2,13,數A=13
996,1,15,英=15
997,5,15,自=15
998,43,58,國+英+數A+自=58
999,0,13,國=13
1000,24,42,國+英+自=42
1001,11,25,英+數A=25
1002,33,37,英+數A+自=37
1003,5,12,自=12
1004,1,12,英=12
1005,2,11,數A=11
1006,5,9,自=9
1007,1,13,英=13
1008,27,38,國+數A+自=38
1009,17,26,數A+自=26
1010,33,27,英+數A+自=27
1011,5,14,自=14
1012,33,35,英+數A+自=35
1013,17,24,數A+自=24
1014,33,40,英+數A+自=40
1015,14,28,英+自=28
1016,43,55,國+英+數A+自=55
1017,33,37,英+數A+自=37
1018,5,14,自=14
1019,0,15,國=15
1020,33,42,英+數A+自=42
1021,4,9,社=9
1022,0,11,國=11
1023,0,8,國=8
1024,4,12,社=12
1025,0,9,國=9
1026,1,7,英=7
1027,0,11,國=11
1028,1,6,英=6
1029,0,11,國=11
1030,0,10,國=10
1031,9,19,國+社=19
1032,1,8,英=8
1033,0,10,國=10
1034,1,8,英=8
1035,4,0,社=0
1036,0,8,國=8
1037,1,8,英=8
1038,1,4,英=4
1039,0,9,國=9
1040,0,2,國=2
1041,1,9,英=9
1042,4,8,社=8
1043,1,6,英=6
1044,4,8,社=8
1045,0,11,國=11
1046,3,7,數B=7
1047,1,8,英=8
1048,0,11,國=11
1049,3,0,數B=0
1050,0,0,國=0
1051,1,6,英=6
1052,3,6,數B=6
1053,0,10,國=10
1054,1,8,英=8
1055,0,9,國=9
1056,3,3,數B=3
1057,1,8,英=8
1058,3,6,數B=6
1059,0,9,國=9
1060,0,9,國=9
1061,1,5,英=5
1062,3,7,數B=7
1063,3,6,數B=6
1064,1,6,英=6
1065,0,10,國=10
1066,3,5,數B=5
1067,0,10,國=10
1068,1,7,英=7
1069,0,4,國=4
1070,1,8,英=8
1071,3,5,數B=5
1072,1,5,英=5
1073,0,9,國=9
1074,0,7,國=7
1075,1,6,英=6
1076,3,7,數B=7
1077,22,20,國+英+數B=20
1078,9,23,國+社=23
1079,0,10,國=10
1080,3,5,數B=5
1081,1,4,英=4
1082,0,4,國=4
1083,4,0,社=0
1084,1,10,英=10
1085,1,7,英=7
1086,1,7,英=7
1087,2,8,數A=8
1088,1,6,英=6
1089,5,10,自=10
1090,2,5,數A=5
1091,5,10,自=10
1092,2,4,數A=4
1093,5,9,自=9
1094,1,8,英=8
1095,0,12,國=12
1096,14,13,英+自=13
1097,2,9,數A=9
1098,3,7,數B=7
1099,1,6,英=6
1100,0,10,國=10
1101,5,10,自=10
1102,1,9,英=9
1103,5,10,自=10
1104,1,9,英=9
1105,5,9,自=9
1106,1,8,英=8
1107,5,10,自=10
1108,17,19,數A+自=19
1109,1,4,英=4
1110,5,9,自=9
1111,0,7,國=7
1112,27,23,國+數A+自=23
1113,0,5,國=5
1114,24,25,國+英+自=25
1115,27,28,國+數A+自=28
1116,27,27,國+數A+自=27
1117,21,26,國+英+數A=26
1118,22,26,國+英+數B=26
1119,43,38,國+英+數A+自=38
1120,43,36,國+英+數A+自=36
1121,21,24,國+英+數A=24
1122,21,23,國+英+數A=23
1123,22,25,國+英+數B=25
1124,5,10,自=10
1125,43,39,國+英+數A+自=39
1126,27,26,國+數A+自=26
1127,43,37,國+英+數A+自=37
1128,4,10,社=10
1129,1,7,英=7
1130,44,32,國+英+數B+社=32
1131,22,16,國+英+數B=16
1132,1,8,英=8
1133,4,12,社=12
1134,44,20,國+英+數B+社=20
1135,1,7,英=7
1136,22,24,國+英+數B=24
1137,22,16,國+英+數B=16
1138,3,8,數B=8
1139,3,6,數B=6
1140,4,11,社=11
1141,6,15,國+英=15
1142,23,29,國+英+社=29
1143,6,18,國+英=18
1144,4,0,社=0
1145,0,10,國=10
1146,9,17,國+社=17
1147,1,9,英=9
1148,2,6,數A=6
1149,21,28,國+英+數A=28
1150,43,40,國+英+數A+自=40
1151,43,43,國+英+數A+自=43
1152,21,25,國+英+數A=25
1153,21,28,國+英+數A=28
1154,21,25,國+英+數A=25
1155,43,35,國+英+數A+自=35
1156,7,16,國+數A=16
1157,23,22,國+英+社=22
1158,1,4,英=4
1159,3,4,數B=4
1160,22,22,國+英+數B=22
1161,23,22,國+英+社=22
1162,22,27,國+英+數B=27
1163,22,22,國+英+數B=22
1164,22,24,國+英+數B=24
1165,22,24,國+英+數B=24
1166,0,11,國=11
1167,13,17,英+社=17
1168,21,24,國+英+數A=24
1169,12,12,英+數B=12
1170,1,8,英=8
1171,12,15,英+數B=15
1172,1,9,英=9
1173,1,8,英=8
1174,11,14,英+數A=14
1175,2,6,數A=6
1176,11,14,英+數A=14
1177,2,5,數A=5
1178,12,13,英+數B=13
1179,1,8,英=8
1180,11,14,英+數A=14
1181,2,6,數A=6
1182,11,15,英+數A=15
1183,2,5,數A=5
1184,21,17,國+英+數A=17
1185,2,7,數A=7
1186,1,9,英=9
1187,0,14,國=14
1188,0,10,國=10
1189,1,14,英=14
1190,4,12,社=12
1191,0,12,國=12
1192,1,13,英=13
1193,44,39,國+英+數B+社=39
1194,4,11,社=11
1195,0,12,國=12
1196,1,12,英=12
1197,14,17,英+自=17
1198,2,11,數A=11
1199,14,21,英+自=21
1200,2,12,數A=12
1201,2,11,數A=11
1202,5,13,自=13
1203,33,37,英+數A+自=37
1204,5,14,自=14
1205,1,13,英=13
1206,2,10,數A=10
1207,2,11,數A=11
1208,5,14,自=14
1209,33,34,英+數A+自=34
1210,43,33,國+英+數A+自=33
1211,17,25,數A+自=25
1212,43,36,國+英+數A+自=36
1213,17,25,數A+自=25
1214,2,12,數A=12
1215,20,27,社+自=27
1216,22,33,國+英+數B=33
1217,18,24,數B+社=24
1218,2,9,數A=9
1219,5,13,自=13
1220,1,13,英=13
1221,6,22,國+英=22
1222,3,13,數B=13
1223,6,23,國+英=23
1224,4,10,社=10
1225,13,27,英+社=27
1226,33,40,英+數A+自=40
1227,14,23,英+自=23
1228,2,12,數A=12
1229,33,39,英+數A+自=39
1230,10,25,國+自=25
1231,43,50,國+英+數A+自=50
1232,11,24,英+數A=24
1233,0,12,國=12
1234,33,39,英+數A+自=39
1235,17,22,數A+自=22
1236,33,34,英+數A+自=34
1237,17,23,數A+自=23
1238,33,37,英+數A+自=37
1239,33,32,英+數A+自=32
1240,33,31,英+數A+自=31
1241,17,22,數A+自=22
1242,9,24,國+社=24
1243,9,24,國+社=24
1244,2,8,數A=8
1245,5,14,自=14
1246,1,13,英=13
1247,17,23,數A+自=23
1248,43,47,國+英+數A+自=47
1249,11,22,英+數A=22
1250,44,44,國+英+數B+社=44
1251,12,20,英+數B=20
1252,43,39,國+英+數A+自=39
1253,17,19,數A+自=19
1254,43,41,國+英+數A+自=41
1255,17,20,數A+自=20
1256,23,28,國+英+社=28
1257,6,18,國+英=18
1258,4,4,社=4
1259,0,9,國=9
1260,9,19,國+社=19
1261,0,9,國=9
1262,4,11,社=11
1263,6,14,國+英=14
1264,1,2,英=2
1265,0,8,國=8
1266,1,6,英=6
1267,2,5,數A=5
1268,5,9,自=9
1269,10,16,國+自=16
1270,0,8,國=8
1271,4,10,社=10
1272,0,8,國=8
1273,0,8,國=8
1274,24,20,國+英+自=20
1275,2,6,數A=6
1276,24,20,國+英+自=20
1277,0,7,國=7
1278,0,9,國=9
1279,4,9,社=9
1280,0,10,國=10
1281,0,7,國=7
1282,0,8,國=8
1283,4,10,社=10
1284,0,9,國=9
1285,0,9,國=9
1286,0,10,國=10
1287,0,7,國=7
1288,5,7,自=7
1289,6,13,國+英=13
1290,0,7,國=7
1291,0,8,國=8
1292,1,5,英=5
1293,6,13,國+英=13
1294,4,10,社=10
1295,0,9,國=9
1296,0,9,國=9
1297,0,8,國=8
1298,1,5,英=5
1299,0,9,國=9
1300,3,7,數B=7
1301,4,10,社=10
1302,1,1,英=1
1303,3,4,數B=4
1304,4,4,社=4
1305,0,7,國=7
1306,4,10,社=10
1307,0,10,國=10
1308,0,10,國=10
1309,0,9,國=9
1310,4,8,社=8
1311,0,11,國=11
1312,0,5,國=5
1313,4,7,社=7
1314,23,27,國+英+社=27
1315,10,18,國+自=18
1316,6,9,國+英=9
1317,0,3,國=3
1318,0,3,國=3
1319,1,9,英=9
1320,6,16,國+英=16
1321,9,20,國+社=20
1322,0,7,國=7
1323,4,10,社=10
1324,9,18,國+社=18
1325,9,16,國+社=16
1326,9,21,國+社=21
1327,0,9,國=9
1328,6,16,國+英=16
1329,0,2,國=2
1330,3,6,數B=6
1331,0,7,國=7
1332,5,8,自=8
1333,24,22,國+英+自=22
1334,24,19,國+英+自=19
1335,0,7,國=7
1336,5,0,自=0
1337,0,8,國=8
1338,0,9,國=9
1339,0,10,國=10
1340,6,14,國+英=14
1341,1,4,英=4
1342,0,10,國=10
1343,6,12,國+英=12
1344,6,15,國+英=15
1345,6,7,國+英=7
1346,0,9,國=9
1347,3,3,數B=3
1348,0,6,國=6
1349,0,6,國=6
1350,2,5,數A=5
1351,8,9,國+數B=9
1352,0,8,國=8
1353,6,13,國+英=13
1354,0,6,國=6
1355,1,6,英=6
1356,0,6,國=6
1357,1,4,英=4
1358,24,23,國+英+自=23
1359,5,8,自=8
1360,24,21,國+英+自=21
1361,2,4,數A=4
1362,1,6,英=6
1363,6,5,國+英=5
1364,9,18,國+社=18
1365,1,5,英=5
1366,6,14,國+英=14
1367,0,12,國=12
1368,0,7,國=7
1369,4,13,社=13
1370,0,9,國=9
1371,4,11,社=11
1372,4,12,社=12
1373,6,21,國+英=21
1374,6,24,國+英=24
1375,23,33,國+英+社=33
1376,4,10,社=10
1377,8,18,國+數B=18
1378,1,9,英=9
1379,22,22,國+英+數B=22
1380,23,31,國+英+社=31
1381,5,7,自=7
1382,1,10,英=10
1383,6,22,國+英=22
1384,17,27,數A+自=27
1385,13,29,英+社=29
1386,17,25,數A+自=25
1387,13,28,英+社=28
1388,21,32,國+英+數A=32
1389,1,11,英=11
1390,5,12,自=12
1391,1,8,英=8
1392,5,11,自=11
1393,2,8,數A=8
1394,2,9,數A=9
1395,14,19,英+自=19
1396,11,18,英+數A=18
1397,5,10,自=10
1398,2,7,數A=7
1399,5,11,自=11
1400,2,4,數A=4
1401,5,10,自=10
1402,33,30,英+數A+自=30
1403,11,15,英+數A=15
1404,11,14,英+數A=14
1405,11,17,英+數A=17
1406,11,14,英+數A=14
1407,0,11,國=11
1408,1,13,英=13
1409,0,9,國=9
1410,1,11,英=11
1411,0,10,國=10
1412,1,11,英=11
1413,1,9,英=9
1414,0,12,國=12
1415,0,9,國=9
1416,1,9,英=9
1417,1,5,英=5
1418,0,11,國=11
1419,0,11,國=11
1420,1,11,英=11
1421,6,16,國+英=16
1422,1,7,英=7
1423,23,27,國+英+社=27
1424,1,9,英=9
1425,1,9,英=9
1426,1,8,英=8
1427,6,19,國+英=19
1428,5,10,自=10
1429,1,6,英=6
1430,5,11,自=11
1431,23,36,國+英+社=36
1432,1,12,英=12
1433,23,36,國+英+社=36
1434,1,12,英=12
1435,3,7,數B=7
1436,12,19,英+數B=19
1437,8,21,國+數B=21
1438,0,11,國=11
1439,3,7,數B=7
1440,12,17,英+數B=17
1441,12,12,英+數B=12
1442,0,11,國=11
1443,12,20,英+數B=20
1444,13,22,英+社=22
1445,4,12,社=12
1446,0,12,國=12
1447,1,8,英=8
1448,3,10,數B=10
1449,9,18,國+社=18
1450,22,33,國+英+數B=33
1451,0,9,國=9
1452,6,16,國+英=16
1453,6,8,國+英=8
1454,6,16,國+英=16
1455,6,17,國+英=17
1456,1,8,英=8
1457,2,6,數A=6
1458,44,32,國+英+數B+社=32
1459,3,7,數B=7
1460,1,10,英=10
1461,1,10,英=10
1462,2,6,數A=6
1463,1,8,英=8
1464,5,9,自=9
1465,1,8,英=8
1466,2,7,數A=7
1467,3,4,數B=4
1468,4,9,社=9
1469,0,10,國=10
1470,1,8,英=8
1471,3,0,數B=0
1472,4,9,社=9
1473,1,9,英=9
1474,5,9,自=9
1475,1,9,英=9
1476,5,10,自=10
1477,24,20,國+英+自=20
1478,5,12,自=12
1479,1,6,英=6
1480,5,11,自=11
1481,5,0,自=0
1482,1,9,英=9
1483,5,8,自=8
1484,2,7,數A=7
1485,5,11,自=11
1486,2,8,數A=8
1487,17,20,數A+自=20
1488,1,10,英=10
1489,2,7,數A=7
1490,5,11,自=11
1491,2,7,數A=7
1492,17,18,數A+自=18
1493,5,11,自=11
1494,2,7,數A=7
1495,33,34,英+數A+自=34
1496,2,11,數A=11
1497,2,8,數A=8
1498,33,33,英+數A+自=33
1499,2,10,數A=10
1500,1,8,英=8
1501,5,9,自=9
1502,43,35,國+英+數A+自=35
1503,2,9,數A=9
1504,33,32,英+數A+自=32
1505,2,9,數A=9
1506,0,12,國=12
1507,0,9,國=9
1508,1,10,英=10
1509,4,10,社=10
1510,0,13,國=13
1511,4,9,社=9
1512,0,11,國=11
1513,1,13,英=13
1514,1,2,英=2
1515,0,11,國=11
1516,4,13,社=13
1517,33,23,英+數A+自=23
1518,33,24,英+數A+自=24
1519,33,33,英+數A+自=33
1520,2,8,數A=8
1521,5,12,自=12
1522,33,27,英+數A+自=27
1523,0,8,國=8
1524,1,10,英=10
1525,3,9,數B=9
1526,0,11,國=11
1527,3,10,數B=10
1528,3,10,數B=10
1529,1,9,英=9
1530,33,26,英+數A+自=26
1531,33,25,英+數A+自=25
1532,23,33,國+英+社=33
1533,24,30,國+英+自=30
1534,43,45,國+英+數A+自=45
1535,33,34,英+數A+自=34
1536,11,19,英+數A=19
1537,44,42,國+英+數B+社=42
1538,0,14,國=14
1539,44,46,國+英+數B+社=46
1540,0,13,國=13
1541,1,6,英=6
1542,0,12,國=12
1543,43,25,國+英+數A+自=25
1544,1,2,英=2
1545,2,10,數A=10
1546,5,12,自=12
1547,2,10,數A=10
1548,5,11,自=11
1549,2,11,數A=11
1550,5,11,自=11
1551,1,11,英=11
1552,33,34,英+數A+自=34
1553,9,20,國+社=20
1554,1,13,英=13
1555,4,11,社=11
1556,0,13,國=13
1557,3,6,數B=6
1558,1,8,英=8
1559,4,13,社=13
1560,2,10,數A=10
1561,5,12,自=12
1562,1,12,英=12
1563,5,11,自=11
1564,2,9,數A=9
1565,11,22,英+數A=22
1566,43,45,國+英+數A+自=45
1567,33,34,英+數A+自=34
1568,33,34,英+數A+自=34
1569,1,10,英=10
1570,0,13,國=13
1571,1,10,英=10
1572,0,12,國=12
1573,22,32,國+英+數B=32
1574,3,11,數B=11
1575,1,12,英=12
1576,21,30,國+英+數A=30
1577,2,9,數A=9
1578,1,11,英=11
1579,23,32,國+英+社=32
1580,1,9,英=9
1581,4,13,社=13
1582,23,35,國+英+社=35
1583,1,10,英=10
1584,4,13,社=13
1585,6,13,國+英=13
1586,0,10,國=10
1587,6,15,國+英=15
1588,3,6,數B=6
1589,1,8,英=8
1590,33,22,英+數A+自=22
1591,5,9,自=9
1592,2,6,數A=6
1593,33,19,英+數A+自=19
1594,5,8,自=8
1595,2,6,數A=6
1596,6,4,國+英=4
1597,17,26,數A+自=26
1598,6,29,國+英=29
1599,0,14,國=14
1600,2,12,數A=12
1601,5,14,自=14
1602,1,15,英=15
1603,24,40,國+英+自=40
1604,0,12,國=12
1605,1,13,英=13
1606,43,47,國+英+數A+自=47
1607,43,43,國+英+數A+自=43
1608,6,18,國+英=18
1609,5,12,自=12
1610,0,11,國=11
1611,1,11,英=11
1612,1,10,英=10
1613,5,11,自=11
1614,6,25,國+英=25
1615,14,23,英+自=23
1616,23,34,國+英+社=34
1617,24,29,國+英+自=29
1618,10,23,國+自=23
1619,27,32,國+數A+自=32
1620,0,11,國=11
1621,24,31,國+英+自=31
1622,1,10,英=10
1623,5,12,自=12
1624,23,31,國+英+社=31
1625,10,23,國+自=23
1626,0,8,國=8
1627,4,12,社=12
1628,9,22,國+社=22
1629,1,8,英=8
1630,2,8,數A=8
1631,1,4,英=4
1632,3,9,數B=9
1633,23,31,國+英+社=31
1634,0,14,國=14
1635,9,20,國+社=20
1636,1,14,英=14
1637,1,8,英=8
1638,2,8,數A=8
1639,5,13,自=13
1640,11,15,英+數A=15
1641,5,12,自=12
1642,1,11,英=11
1643,27,36,國+數A+自=36
1644,43,47,國+英+數A+自=47
1645,33,36,英+數A+自=36
1646,33,35,英+數A+自=35
1647,43,45,國+英+數A+自=45
1648,2,12,數A=12
1649,43,41,國+英+數A+自=41
1650,1,10,英=10
1651,2,9,數A=9
1652,33,40,英+數A+自=40
1653,33,38,英+數A+自=38
1654,33,31,英+數A+自=31
1655,2,10,數A=10
1656,5,13,自=13
1657,33,32,英+數A+自=32
1658,2,9,數A=9
1659,5,13,自=13
1660,0,10,國=10
1661,5,13,自=13
1662,43,50,國+英+數A+自=50
1663,11,24,英+數A=24
1664,43,44,國+英+數A+自=44
1665,5,10,自=10
1666,2,11,數A=11
1667,5,13,自=13
1668,2,12,數A=12
1669,5,13,自=13
1670,2,9,數A=9
1671,6,24,國+英=24
1672,17,25,數A+自=25
1673,1,13,英=13
1674,17,23,數A+自=23
1675,1,10,英=10
1676,3,12,數B=12
1677,21,36,國+英+數A=36
1678,2,8,數A=8
1679,1,13,英=13
1680,3,6,數B=6
1681,1,13,英=13
1682,5,10,自=10
1683,1,10,英=10
1684,17,15,數A+自=15
1685,5,9,自=9
1686,1,9,英=9
1687,2,8,數A=8
1688,11,19,英+數A=19
1689,2,9,數A=9
1690,4,13,社=13
1691,6,24,國+英=24
1692,14,23,英+自=23
1693,2,8,數A=8
1694,14,22,英+自=22
1695,2,8,數A=8
1696,1,8,英=8
1697,5,11,自=11
1698,23,36,國+英+社=36
1699,22,28,國+英+數B=28
1700,33,25,英+數A+自=25
1701,33,28,英+數A+自=28
1702,33,0,英+數A+自=0
1703,23,31,國+英+社=31
1704,6,21,國+英=21
1705,1,0,英=0
1706,2,0,數A=0
1707,5,0,自=0
1708,1,9,英=9
1709,0,11,國=11
1710,1,9,英=9
1711,0,10,國=10
1712,2,4,數A=4
1713,5,9,自=9
1714,1,4,英=4
1715,43,59,國+英+數A+自=59
1716,11,27,英+數A=27
1717,5,15,自=15
1718,14,20,英+自=20
1719,33,30,英+數A+自=30
1720,14,25,英+自=25
1721,33,34,英+數A+自=34
1722,24,40,國+英+自=40
1723,14,26,英+自=26
1724,33,28,英+數A+自=28
1725,14,22,英+自=22
1726,14,23,英+自=23
1727,33,31,英+數A+自=31
1728,17,22,數A+自=22
1729,33,30,英+數A+自=30
1730,33,30,英+數A+自=30
1731,33,31,英+數A+自=31
1732,33,31,英+數A+自=31
1733,33,31,英+數A+自=31
1734,33,34,英+數A+自=34
1735,2,8,數A=8
1736,33,29,英+數A+自=29
1737,6,21,國+英=21
1738,1,3,英=3
1739,6,20,國+英=20
1740,6,21,國+英=21
1741,1,8,英=8
1742,11,15,英+數A=15
1743,12,17,英+數B=17
1744,6,18,國+英=18
1745,1,9,英=9
1746,0,12,國=12
1747,3,8,數B=8
1748,1,9,英=9
1749,6,22,國+英=22
1750,23,26,國+英+社=26
1751,0,12,國=12
1752,1,4,英=4
1753,0,10,國=10
1754,3,9,數B=9
1755,23,33,國+英+社=33
1756,0,13,國=13
1757,4,14,社=14
1758,0,13,國=13
1759,1,11,英=11
1760,1,8,英=8
1761,0,13,國=13
1762,4,10,社=10
1763,0,11,國=11
1764,23,36,國+英+社=36
1765,2,9,數A=9
1766,43,37,國+英+數A+自=37
1767,21,30,國+英+數A=30
1768,22,14,國+英+數B=14
1769,22,24,國+英+數B=24
1770,0,11,國=11
1771,1,12,英=12
1772,0,5,國=5
1773,4,10,社=10
1774,1,6,英=6
1775,13,20,英+社=20
1776,22,32,國+英+數B=32
1777,0,13,國=13
1778,22,21,國+英+數B=21
1779,0,11,國=11
1780,0,10,國=10
1781,1,11,英=11
1782,3,8,數B=8
1783,6,20,國+英=20
1784,3,6,數B=6
1785,0,12,國=12
1786,1,10,英=10
1787,0,0,國=0
1788,1,0,英=0
1789,22,32,國+英+數B=32
1790,22,21,國+英+數B=21
1791,0,14,國=14
1792,1,11,英=11
1793,3,10,數B=10
1794,0,11,國=11
1795,1,9,英=9
1796,3,5,數B=5
1797,13,24,英+社=24
1798,1,13,英=13
1799,1,13,英=13
1800,44,37,國+英+數B+社=37
1801,1,8,英=8
1802,0,13,國=13
1803,23,33,國+英+社=33
1804,1,9,英=9
1805,0,13,國=13
1806,23,34,國+英+社=34
1807,2,10,數A=10
1808,6,22,國+英=22
1809,2,8,數A=8
1810,1,11,英=11
1811,0,12,國=12
1812,2,9,數A=9
1813,2,6,數A=6
1814,5,11,自=11
1815,17,17,數A+自=17
1816,33,30,英+數A+自=30
1817,22,31,國+英+數B=31
1818,1,10,英=10
1819,3,10,數B=10
1820,22,32,國+英+數B=32
1821,1,4,英=4
1822,8,14,國+數B=14
1823,22,29,國+英+數B=29
1824,22,31,國+英+數B=31
1825,22,28,國+英+數B=28
1826,6,18,國+英=18
1827,0,11,國=11
1828,23,28,國+英+社=28
1829,23,24,國+英+社=24
1830,0,12,國=12
1831,1,12,英=12
1832,2,10,數A=10
1833,2,7,數A=7
1834,1,9,英=9
1835,2,9,數A=9
1836,33,33,英+數A+自=33
1837,2,8,數A=8
1838,11,21,英+數A=21
1839,11,21,英+數A=21
1840,0,10,國=10
1841,1,7,英=7
1842,2,8,數A=8
1843,0,11,國=11
1844,5,11,自=11
1845,6,21,國+英=21
1846,44,41,國+英+數B+社=41
1847,22,28,國+英+數B=28
1848,1,11,英=11
1849,6,11,國+英=11
1850,2,7,數A=7
1851,2,6,數A=6
1852,5,10,自=10
1853,5,9,自=9
1854,2,2,數A=2
1855,5,10,自=10
1856,14,15,英+自=15
1857,1,5,英=5
1858,2,6,數A=6
1859,1,4,英=4
1860,2,7,數A=7
1861,2,6,數A=6
1862,1,8,英=8
1863,2,6,數A=6
1864,1,6,英=6
1865,33,15,英+數A+自=15
1866,2,8,數A=8
1867,33,18,英+數A+自=18
1868,5,10,自=10
1869,43,27,國+英+數A+自=27
1870,43,34,國+英+數A+自=34
1871,5,11,自=11
1872,1,5,英=5
1873,2,6,數A=6
1874,1,8,英=8
1875,2,4,數A=4
1876,1,8,英=8
1877,3,4,數B=4
1878,1,8,英=8
1879,21,25,國+英+數A=25
1880,22,22,國+英+數B=22
1881,21,21,國+英+數A=21
1882,1,8,英=8
1883,3,0,數B=0
1884,22,17,國+英+數B=17
1885,1,9,英=9
1886,0,10,國=10
1887,13,11,英+社=11
1888,22,22,國+英+數B=22
1889,21,19,國+英+數A=19
1890,22,23,國+英+數B=23
1891,1,8,英=8
1892,3,3,數B=3
1893,0,12,國=12
1894,4,8,社=8
1895,0,10,國=10
1896,1,10,英=10
1897,4,11,社=11
1898,4,13,社=13
1899,1,3,英=3
1900,3,7,數B=7
1901,1,8,英=8
1902,3,8,數B=8
1903,9,16,國+社=16
1904,4,13,社=13
1905,4,11,社=11
1906,0,12,國=12
1907,0,12,國=12
1908,23,34,國+英+社=34
1909,0,10,國=10
1910,1,4,英=4
1911,0,10,國=10
1912,4,11,社=11
1913,0,10,國=10
1914,4,11,社=11
1915,0,10,國=10
1916,4,10,社=10
1917,23,24,國+英+社=24
1918,4,10,社=10
1919,0,8,國=8
1920,0,8,國=8
1921,4,10,社=10
1922,0,6,國=6
1923,4,10,社=10
1924,1,3,英=3
1925,5,9,自=9
1926,4,7,社=7
1927,0,10,國=10
1928,0,4,國=4
1929,0,8,國=8
1930,0,12,國=12
1931,3,7,數B=7
1932,1,6,英=6
1933,0,12,國=12
1934,4,0,社=0
1935,1,7,英=7
1936,0,11,國=11
1937,22,34,國+英+數B=34
1938,0,11,國=11
1939,0,13,國=13
1940,1,13,英=13
1941,0,12,國=12
1942,1,8,英=8
1943,3,6,數B=6
1944,0,10,國=10
1945,4,11,社=11
1946,24,28,國+英+自=28
1947,5,11,自=11
1948,5,9,自=9
1949,1,9,英=9
1950,2,8,數A=8
1951,5,10,自=10
1952,1,10,英=10
1953,2,8,數A=8
1954,2,11,數A=11
1955,21,29,國+英+數A=29
1956,2,10,數A=10
1957,11,19,英+數A=19
1958,2,8,數A=8
1959,1,9,英=9
1960,4,12,社=12
1961,2,7,數A=7
1962,9,21,國+社=21
1963,24,23,國+英+自=23
1964,0,11,國=11
1965,3,4,數B=4
1966,1,7,英=7
1967,4,6,社=6
1968,1,3,英=3
1969,0,10,國=10
1970,0,11,國=11
1971,44,41,國+英+數B+社=41
1972,44,42,國+英+數B+社=42
1973,0,11,國=11
1974,23,29,國+英+社=29
1975,0,10,國=10
1976,4,10,社=10
1977,23,22,國+英+社=22
1978,1,11,英=11
1979,1,11,英=11
1980,0,11,國=11
1981,1,7,英=7
1982,22,25,國+英+數B=25
1983,1,5,英=5
1984,44,35,國+英+數B+社=35
1985,12,12,英+數B=12
1986,0,9,國=9
1987,4,8,社=8
1988,44,38,國+英+數B+社=38
1989,1,4,英=4
1990,3,8,數B=8
1991,5,9,自=9
1992,2,7,數A=7
1993,2,8,數A=8
1994,5,6,自=6
1995,2,7,數A=7
1996,5,7,自=7
1997,2,5,數A=5
1998,14,8,英+自=8
1999,2,7,數A=7
2000,2,6,數A=6
2001,5,10,自=10
2002,21,11,國+英+數A=11
2003,11,13,英+數A=13
2004,0,12,國=12
2005,21,10,國+英+數A=10
2006,11,7,英+數A=7
2007,0,10,國=10
2008,6,13,國+英=13
2009,3,9,數B=9
2010,6,5,國+英=5
2011,0,10,國=10
2012,1,5,英=5
2013,45,21,國+英+數B+自=21
2014,0,7,國=7
2015,1,2,英=2
2016,0,11,國=11
2017,1,2,英=2
2018,0,9,國=9
2019,0,10,國=10
2020,0,9,國=9
2021,0,10,國=10
2022,0,9,國=9
2023,0,4,國=4
2024,1,4,英=4
2025,0,7,國=7
2026,4,9,社=9
2027,5,8,自=8
2028,1,2,英=2
2029,2,3,數A=3
2030,11,10,英+數A=10
2031,22,23,國+英+數B=23
2032,2,6,數A=6
2033,5,8,自=8
2034,5,5,自=5
2035,5,9,自=9
2036,0,2,國=2
2037,6,12,國+英=12
2038,23,28,國+英+社=28
2039,24,30,國+英+自=30
2040,23,25,國+英+社=25
2041,6,13,國+英=13
2042,0,9,國=9
2043,1,5,英=5
2044,24,26,國+英+自=26
2045,4,9,社=9
2046,0,10,國=10
2047,22,23,國+英+數B=23
2048,8,14,國+數B=14
2049,1,6,英=6
2050,22,21,國+英+數B=21
2051,6,14,國+英=14
2052,1,8,英=8
2053,1,7,英=7
2054,6,19,國+英=19
2055,0,10,國=10
2056,28,16,國+數B+社=16
2057,0,8,國=8
2058,3,5,數B=5
2059,6,15,國+英=15
2060,22,28,國+英+數B=28
2061,12,14,英+數B=14
2062,12,10,英+數B=10
2063,0,10,國=10
2064,1,4,英=4
2065,0,10,國=10
2066,2,7,數A=7
2067,21,29,國+英+數A=29
2068,2,8,數A=8
2069,21,24,國+英+數A=24
2070,21,25,國+英+數A=25
2071,10,21,國+自=21
2072,10,22,國+自=22
2073,6,18,國+英=18
2074,14,18,英+自=18
2075,33,31,英+數A+自=31
2076,10,23,國+自=23
2077,21,29,國+英+數A=29
2078,14,20,英+自=20
2079,1,5,英=5
2080,4,11,社=11
2081,0,14,國=14
2082,1,14,英=14
2083,1,8,英=8
2084,0,10,國=10
2085,4,14,社=14
2086,3,5,數B=5
2087,1,10,英=10
2088,1,6,英=6
2089,5,10,自=10
2090,2,11,數A=11
2091,1,8,英=8
2092,2,6,數A=6
2093,5,12,自=12
2094,1,8,英=8
2095,5,12,自=12
2096,2,10,數A=10
2097,14,23,英+自=23
2098,2,10,數A=10
2099,1,10,英=10
2100,5,11,自=11
2101,43,46,國+英+數A+自=46
2102,4,12,社=12
2103,6,20,國+英=20
2104,3,9,數B=9
2105,5,11,自=11
2106,11,22,英+數A=22
2107,3,9,數B=9
2108,4,11,社=11
2109,1,9,英=9
2110,3,0,數B=0
2111,4,12,社=12
2112,1,11,英=11
2113,4,10,社=10
2114,1,10,英=10
2115,0,13,國=13
2116,33,37,英+數A+自=37
2117,2,6,數A=6
2118,43,51,國+英+數A+自=51
2119,43,47,國+英+數A+自=47
2120,43,48,國+英+數A+自=48
2121,43,43,國+英+數A+自=43
2122,2,8,數A=8
2123,5,13,自=13
2124,17,25,數A+自=25
2125,43,49,國+英+數A+自=49
2126,0,12,國=12
2127,1,10,英=10
2128,3,11,數B=11
2129,6,24,國+英=24
2130,1,13,英=13
2131,0,10,國=10
2132,3,8,數B=8
2133,1,12,英=12
2134,0,10,國=10
2135,1,12,英=12
2136,2,8,數A=8
2137,1,14,英=14
2138,1,11,英=11
2139,0,13,國=13
2140,4,13,社=13
2141,1,11,英=11
2142,0,13,國=13
2143,4,13,社=13
2144,4,12,社=12
2145,6,26,國+英=26
2146,44,49,國+英+數B+社=49
2147,4,10,社=10
2148,0,10,國=10
2149,1,8,英=8
2150,3,6,數B=6
2151,4,12,社=12
2152,6,25,國+英=25
2153,1,9,英=9
2154,0,13,國=13
2155,43,37,國+英+數A+自=37
2156,0,9,國=9
2157,1,8,英=8
2158,3,6,數B=6
2159,3,4,數B=4
2160,6,19,國+英=19
2161,44,35,國+英+數B+社=35
2162,4,9,社=9
2163,6,18,國+英=18
2164,14,18,英+自=18
2165,3,6,數B=6
2166,0,8,國=8
2167,1,8,英=8
2168,4,9,社=9
2169,6,19,國+英=19
2170,44,36,國+英+數B+社=36
2171,1,5,英=5
2172,17,16,數A+自=16
2173,7,9,國+數A=9
2174,11,7,英+數A=7
2175,5,7,自=7
2176,2,3,數A=3
2177,2,3,數A=3
2178,0,4,國=4
2179,1,3,英=3
2180,0,3,國=3
2181,6,6,國+英=6
2182,6,9,國+英=9
2183,6,9,國+英=9
2184,9,10,國+社=10
2185,0,3,國=3
2186,4,7,社=7
2187,4,6,社=6
2188,4,7,社=7
2189,0,7,國=7
2190,4,7,社=7
2191,1,4,英=4
2192,0,7,國=7
2193,1,3,英=3
2194,0,7,國=7
2195,0,7,國=7
2196,0,7,國=7
2197,4,3,社=3
2198,9,11,國+社=11
2199,9,11,國+社=11
2200,1,4,英=4
2201,1,4,英=4
2202,0,7,國=7
2203,14,12,英+自=12
2204,13,12,英+社=12
2205,0,2,國=2
2206,0,2,國=2
2207,0,2,國=2
2208,0,2,國=2
2209,4,0,社=0
2210,0,2,國=2
2211,4,0,社=0
2212,0,2,國=2
2213,0,2,國=2
2214,0,8,國=8
2215,5,6,自=6
2216,0,7,國=7
2217,0,7,國=7
2218,0,7,國=7
2219,0,7,國=7
2220,0,10,國=10
2221,0,7,國=7
2222,0,7,國=7
2223,7,13,國+數A=13
2224,0,2,國=2
2225,1,2,英=2
2226,1,2,英=2
2227,2,4,數A=4
2228,1,3,英=3
2229,3,6,數B=6
2230,1,2,英=2
2231,2,4,數A=4
2232,2,4,數A=4
2233,2,4,數A=4
2234,2,4,數A=4
2235,2,4,數A=4
2236,1,5,英=5
2237,1,6,英=6
2238,2,5,數A=5
2239,6,11,國+英=11
2240,0,9,國=9
2241,1,0,英=0
2242,1,1,英=1
2243,0,9,國=9
2244,0,9,國=9
2245,0,9,國=9
2246,1,1,英=1
2247,1,2,英=2
2248,0,9,國=9
2249,0,9,國=9
2250,1,8,英=8
2251,1,0,英=0
2252,0,9,國=9
2253,1,2,英=2
2254,0,9,國=9
2255,1,2,英=2
2256,0,9,國=9
2257,1,3,英=3
2258,5,7,自=7
2259,5,4,自=4
2260,0,10,國=10
2261,5,8,自=8
2262,0,9,國=9
2263,5,8,自=8
2264,2,4,數A=4
2265,1,4,英=4
2266,5,9,自=9
2267,1,8,英=8
2268,5,11,自=11
2269,5,9,自=9
2270,1,7,英=7
2271,1,6,英=6
2272,5,9,自=9
2273,10,27,國+自=27
2274,1,15,英=15
2275,1,2,英=2
2276,0,9,國=9
2277,23,18,國+英+社=18
2278,4,10,社=10
2279,9,21,國+社=21
2280,9,20,國+社=20
2281,9,20,國+社=20
2282,6,8,國+英=8
2283,3,7,數B=7
2284,0,8,國=8
2285,4,9,社=9
2286,3,3,數B=3
2287,0,9,國=9
2288,0,3,國=3
2289,4,10,社=10
2290,23,14,國+英+社=14
2291,4,10,社=10
2292,1,5,英=5
2293,0,10,國=10
2294,3,5,數B=5
2295,0,11,國=11
2296,4,11,社=11
2297,9,20,國+社=20
2298,4,12,社=12
2299,6,18,國+英=18
2300,1,9,英=9
2301,0,10,國=10
2302,4,12,社=12
2303,0,12,國=12
2304,1,10,英=10
2305,1,8,英=8
2306,1,8,英=8
2307,1,8,英=8
2308,0,7,國=7
2309,1,3,英=3
2310,0,10,國=10
2311,0,9,國=9
2312,9,16,國+社=16
2313,1,9,英=9
2314,4,7,社=7
2315,0,10,國=10
2316,4,9,社=9
2317,1,5,英=5
2318,0,9,國=9
2319,4,9,社=9
2320,0,8,國=8
2321,4,10,社=10
2322,23,26,國+英+社=26
2323,0,9,國=9
2324,4,10,社=10
2325,1,1,英=1
2326,0,5,國=5
2327,4,8,社=8
2328,6,7,國+英=7
2329,0,9,國=9
2330,9,19,國+社=19
2331,4,9,社=9
2332,9,22,國+社=22
2333,0,9,國=9
2334,9,21,國+社=21
2335,6,17,國+英=17
2336,23,26,國+英+社=26
2337,9,18,國+社=18
2338,6,14,國+英=14
2339,1,7,英=7
2340,8,13,國+數B=13
2341,3,7,數B=7
2342,9,18,國+社=18
2343,4,10,社=10
2344,0,9,國=9
2345,8,16,國+數B=16
2346,7,13,國+數A=13
2347,7,15,國+數A=15
2348,13,11,英+社=11
2349,4,9,社=9
2350,9,13,國+社=13
2351,4,10,社=10
2352,24,24,國+英+自=24
2353,5,9,自=9
2354,24,17,國+英+自=17
2355,5,8,自=8
2356,6,14,國+英=14
2357,0,10,國=10
2358,10,17,國+自=17
2359,5,9,自=9
2360,6,16,國+英=16
2361,0,10,國=10
2362,13,9,英+社=9
2363,0,10,國=10
2364,13,16,英+社=16
2365,0,10,國=10
2366,13,15,英+社=15
2367,0,11,國=11
2368,0,9,國=9
2369,1,6,英=6
2370,9,21,國+社=21
2371,0,9,國=9
2372,1,7,英=7
2373,0,11,國=11
2374,0,11,國=11
2375,0,10,國=10
2376,3,5,數B=5
2377,3,6,數B=6
2378,3,3,數B=3
2379,18,17,數B+社=17
2380,4,10,社=10
2381,4,10,社=10
2382,9,23,國+社=23
2383,1,11,英=11
2384,9,22,國+社=22
2385,0,12,國=12
2386,10,18,國+自=18
2387,10,16,國+自=16
2388,0,10,國=10
2389,9,19,國+社=19
2390,4,11,社=11
2391,4,8,社=8
2392,0,10,國=10
2393,1,2,英=2
2394,4,8,社=8
2395,6,16,國+英=16
2396,6,13,國+英=13
2397,4,12,社=12
2398,23,24,國+英+社=24
2399,1,9,英=9
2400,1,8,英=8
2401,6,10,國+英=10
2402,1,6,英=6
2403,23,27,國+英+社=27
2404,24,19,國+英+自=19
2405,5,8,自=8
2406,0,10,國=10
2407,0,10,國=10
2408,9,18,國+社=18
2409,0,9,國=9
2410,1,7,英=7
2411,0,9,國=9
2412,1,7,英=7
2413,0,9,國=9
2414,4,10,社=10
2415,0,9,國=9
2416,4,9,社=9
2417,9,20,國+社=20
2418,0,7,國=7
2419,5,0,自=0
2420,0,3,國=3
2421,4,7,社=7
2422,0,7,國=7
2423,1,2,英=2
2424,9,20,國+社=20
2425,0,9,國=9
2426,13,14,英+社=14
2427,6,17,國+英=17
2428,6,14,國+英=14
2429,10,16,國+自=16
2430,5,7,自=7
2431,9,18,國+社=18
2432,5,7,自=7
2433,0,9,國=9
2434,1,6,英=6
2435,0,7,國=7
2436,1,3,英=3
2437,0,5,國=5
2438,4,7,社=7
2439,4,9,社=9
2440,0,9,國=9
2441,0,9,國=9
2442,1,5,英=5
2443,4,8,社=8
2444,5,5,自=5
2445,0,5,國=5
2446,5,5,自=5
2447,0,2,國=2
2448,5,6,自=6
2449,5,0,自=0
2450,0,7,國=7
2451,5,6,自=6
2452,5,6,自=6
2453,0,5,國=5
2454,0,8,國=8
2455,0,6,國=6
2456,4,3,社=3
2457,0,7,國=7
2458,4,7,社=7
2459,4,10,社=10
2460,4,8,社=8
2461,0,2,國=2
2462,4,9,社=9
2463,0,7,國=7
2464,4,6,社=6
2465,0,8,國=8
2466,0,7,國=7
2467,4,3,社=3
2468,0,3,國=3
2469,1,4,英=4
2470,0,4,國=4
2471,5,5,自=5
2472,0,7,國=7
2473,4,7,社=7
2474,0,4,國=4
2475,4,8,社=8
2476,0,7,國=7
2477,4,8,社=8
2478,0,7,國=7
2479,0,6,國=6
2480,4,8,社=8
2481,4,8,社=8
2482,0,7,國=7
2483,4,6,社=6
2484,0,7,國=7
2485,4,7,社=7
2486,0,8,國=8
2487,4,7,社=7
2488,1,5,英=5
2489,0,8,國=8
2490,4,7,社=7
2491,0,7,國=7
2492,1,4,英=4
2493,0,8,國=8
2494,0,7,國=7
2495,1,4,英=4
2496,0,10,國=10
2497,0,9,國=9
2498,5,7,自=7
2499,0,10,國=10
2500,4,8,社=8
2501,0,5,國=5
2502,0,6,國=6
2503,0,7,國=7
2504,4,7,社=7
2505,0,7,國=7
2506,5,6,自=6
2507,4,7,社=7
2508,5,6,自=6
2509,0,7,國=7
2510,4,7,社=7
2511,0,5,國=5
2512,0,7,國=7
2513,4,0,社=0
2514,5,5,自=5
2515,0,8,國=8
2516,0,4,國=4
2517,0,8,國=8
2518,0,7,國=7
2519,4,7,社=7
2520,0,9,國=9
2521,0,9,國=9
2522,4,7,社=7
2523,0,6,國=6
2524,0,8,國=8
2525,0,8,國=8
2526,0,9,國=9
2527,0,4,國=4
2528,0,4,國=4
2529,0,2,國=2
2530,4,4,社=4
2531,6,24,國+英=24
2532,23,38,國+英+社=38
2533,6,25,國+英=25
2534,6,10,國+英=10
2535,4,6,社=6
2536,0,12,國=12
2537,1,11,英=11
2538,4,10,社=10
2539,6,12,國+英=12
2540,0,9,國=9
2541,1,3,英=3
2542,0,8,國=8
2543,4,13,社=13
2544,1,4,英=4
2545,4,10,社=10
2546,6,20,國+英=20
2547,6,19,國+英=19
2548,12,17,英+數B=17
2549,12,19,英+數B=19
2550,0,10,國=10
2551,1,6,英=6
2552,1,2,英=2
2553,1,8,英=8
2554,4,10,社=10
2555,0,12,國=12
2556,34,29,英+數B+社=29
2557,6,20,國+英=20
2558,28,21,國+數B+社=21
2559,22,25,國+英+數B=25
2560,1,4,英=4
2561,2,8,數A=8
2562,1,3,英=3
2563,2,7,數A=7
2564,2,6,數A=6
2565,5,11,自=11
2566,24,27,國+英+自=27
2567,14,23,英+自=23
2568,2,3,數A=3
2569,5,11,自=11
2570,5,9,自=9
2571,2,9,數A=9
2572,5,10,自=10
2573,2,8,數A=8
2574,17,12,數A+自=12
2575,14,15,英+自=15
2576,0,8,國=8
2577,4,9,社=9
2578,9,10,國+社=10
2579,4,9,社=9
2580,9,13,國+社=13
2581,9,13,國+社=13
2582,0,7,國=7
2583,4,5,社=5
2584,0,7,國=7
2585,4,7,社=7
2586,6,9,國+英=9
2587,6,9,國+英=9
2588,0,8,國=8
2589,0,9,國=9
2590,9,17,國+社=17
2591,0,7,國=7
2592,1,3,英=3
2593,4,7,社=7
2594,9,8,國+社=8
2595,0,7,國=7
2596,9,12,國+社=12
2597,4,8,社=8
2598,0,7,國=7
2599,4,9,社=9
2600,9,15,國+社=15
2601,4,7,社=7
2602,0,7,國=7
2603,0,7,國=7
2604,0,7,國=7
2605,4,8,社=8
2606,0,7,國=7
2607,9,16,國+社=16
2608,10,15,國+自=15
2609,0,9,國=9
2610,0,8,國=8
2611,5,7,自=7
2612,10,7,國+自=7
2613,6,10,國+英=10
2614,5,7,自=7
2615,4,7,社=7
2616,0,7,國=7
2617,0,7,國=7
2618,5,5,自=5
2619,4,7,社=7
2620,6,14,國+英=14
2621,23,25,國+英+社=25
2622,6,18,國+英=18
2623,24,27,國+英+自=27
2624,44,35,國+英+數B+社=35
2625,6,4,國+英=4
2626,0,5,國=5
2627,4,12,社=12
2628,0,9,國=9
2629,1,4,英=4
2630,0,7,國=7
2631,0,8,國=8
2632,0,7,國=7
2633,0,7,國=7
2634,0,7,國=7
2635,0,7,國=7
2636,0,3,國=3
2637,0,2,國=2
2638,0,7,國=7
2639,9,12,國+社=12
2640,9,10,國+社=10
2641,6,12,國+英=12
2642,4,8,社=8
2643,1,2,英=2
2644,4,7,社=7
2645,4,5,社=5
2646,0,7,國=7
2647,0,7,國=7
2648,0,7,國=7
2649,4,7,社=7
2650,4,9,社=9
2651,4,8,社=8
2652,4,8,社=8
2653,0,7,國=7
2654,1,3,英=3
2655,0,9,國=9
2656,0,7,國=7
2657,0,7,國=7
2658,44,49,國+英+數B+社=49
2659,3,10,數B=10
2660,1,12,英=12
2661,0,13,國=13
2662,44,46,國+英+數B+社=46
2663,3,7,數B=7
2664,1,11,英=11
2665,0,13,國=13
2666,44,51,國+英+數B+社=51
2667,3,10,數B=10
2668,1,12,英=12
2669,0,13,國=13
2670,44,47,國+英+數B+社=47
2671,3,7,數B=7
2672,1,12,英=12
2673,0,13,國=13
2674,44,52,國+英+數B+社=52
2675,3,11,數B=11
2676,1,13,英=13
2677,0,13,國=13
2678,44,44,國+英+數B+社=44
2679,3,6,數B=6
2680,1,11,英=11
2681,0,14,國=14
2682,42,47,國+英+數A+社=47
2683,1,8,英=8
2684,21,26,國+英+數A=26
2685,42,49,國+英+數A+社=49
2686,42,41,國+英+數A+社=41
2687,42,43,國+英+數A+社=43
2688,2,8,數A=8
2689,1,12,英=12
2690,42,40,國+英+數A+社=40
2691,2,6,數A=6
2692,1,10,英=10
2693,21,34,國+英+數A=34
2694,21,0,國+英+數A=0
2695,3,5,數B=5
2696,1,12,英=12
2697,3,7,數B=7
2698,1,8,英=8
2699,1,11,英=11
2700,0,12,國=12
2701,4,13,社=13
2702,1,9,英=9
2703,0,11,國=11
2704,4,12,社=12
2705,42,42,國+英+數A+社=42
2706,2,8,數A=8
2707,1,12,英=12
2708,42,42,國+英+數A+社=42
2709,2,6,數A=6
2710,1,12,英=12
2711,21,32,國+英+數A=32
2712,34,36,英+數B+社=36
2713,3,8,數B=8
2714,1,10,英=10
2715,2,8,數A=8
2716,1,12,英=12
2717,2,6,數A=6
2718,1,9,英=9
2719,3,6,數B=6
2720,1,8,英=8
2721,4,14,社=14
2722,3,7,數B=7
2723,1,8,英=8
2724,4,11,社=11
2725,6,23,國+英=23
2726,22,27,國+英+數B=27
2727,23,37,國+英+社=37
2728,4,11,社=11
2729,1,8,英=8
2730,0,12,國=12
2731,44,42,國+英+數B+社=42
2732,1,13,英=13
2733,0,13,國=13
2734,1,11,英=11
2735,0,11,國=11
2736,9,27,國+社=27
2737,0,10,國=10
2738,4,13,社=13
2739,14,23,英+自=23
2740,2,11,數A=11
2741,11,19,英+數A=19
2742,14,24,英+自=24
2743,2,10,數A=10
2744,5,9,自=9
2745,1,9,英=9
2746,2,6,數A=6
2747,33,37,英+數A+自=37
2748,33,30,英+數A+自=30
2749,3,1,數B=1
2750,0,12,國=12
2751,1,8,英=8
2752,0,13,國=13
2753,1,7,英=7
2754,0,12,國=12
2755,0,10,國=10
2756,4,12,社=12
2757,0,9,國=9
2758,6,19,國+英=19
2759,4,7,社=7
2760,0,13,國=13
2761,9,20,國+社=20
2762,0,10,國=10
2763,4,13,社=13
2764,1,11,英=11
2765,1,12,英=12
2766,0,9,國=9
2767,3,5,數B=5
2768,1,10,英=10
2769,3,6,數B=6
2770,0,9,國=9
2771,1,9,英=9
2772,22,23,國+英+數B=23
2773,0,8,國=8
2774,3,9,數B=9
2775,1,9,英=9
2776,0,9,國=9
2777,3,8,數B=8
2778,1,8,英=8
2779,0,6,國=6
2780,1,10,英=10
2781,0,4,國=4
2782,12,21,英+數B=21
2783,5,10,自=10
2784,5,9,自=9
2785,0,4,國=4
2786,1,3,英=3
2787,5,9,自=9
2788,5,10,自=10
2789,33,29,英+數A+自=29
2790,5,5,自=5
2791,6,13,國+英=13
2792,46,35,國+英+社+自=35
2793,1,7,英=7
2794,5,10,自=10
2795,5,9,自=9
2796,2,10,數A=10
2797,5,13,自=13
2798,2,9,數A=9
2799,21,31,國+英+數A=31
2800,2,4,數A=4
2801,1,9,英=9
2802,5,11,自=11
2803,5,11,自=11
2804,33,32,英+數A+自=32
2805,17,21,數A+自=21
2806,5,10,自=10
2807,5,9,自=9
2808,1,6,英=6
2809,1,2,英=2
2810,5,10,自=10
2811,0,11,國=11
2812,1,7,英=7
2813,5,11,自=11
2814,0,11,國=11
2815,5,10,自=10
2816,1,9,英=9
2817,10,23,國+自=23
2818,43,50,國+英+數A+自=50
2819,1,13,英=13
2820,5,13,自=13
2821,6,4,國+英=4
2822,1,4,英=4
2823,0,9,國=9
2824,6,16,國+英=16
2825,1,12,英=12
2826,6,18,國+英=18
2827,0,10,國=10
2828,4,11,社=11
2829,1,10,英=10
2830,0,11,國=11
2831,4,12,社=12
2832,1,10,英=10
2833,0,10,國=10
2834,4,10,社=10
2835,1,9,英=9
2836,23,38,國+英+社=38
2837,23,32,國+英+社=32
2838,9,23,國+社=23
2839,1,10,英=10
2840,12,20,英+數B=20
2841,0,12,國=12
2842,1,10,英=10
2843,22,32,國+英+數B=32
2844,21,28,國+英+數A=28
2845,6,24,國+英=24
2846,12,22,英+數B=22
2847,7,7,國+數A=7
2848,2,10,數A=10
2849,17,22,數A+自=22
2850,2,8,數A=8
2851,5,12,自=12
2852,5,11,自=11
2853,33,34,英+數A+自=34
2854,27,32,國+數A+自=32
2855,27,29,國+數A+自=29
2856,33,34,英+數A+自=34
2857,1,11,英=11
2858,2,10,數A=10
2859,1,10,英=10
2860,2,9,數A=9
2861,0,10,國=10
2862,1,9,英=9
2863,2,6,數A=6
2864,23,24,國+英+社=24
2865,2,12,數A=12
2866,5,14,自=14
2867,6,28,國+英=28
2868,17,28,數A+自=28
2869,2,12,數A=12
2870,5,14,自=14
2871,6,27,國+英=27
2872,17,27,數A+自=27
2873,2,11,數A=11
2874,43,51,國+英+數A+自=51
2875,5,13,自=13
2876,1,4,英=4
2877,5,7,自=7
2878,5,8,自=8
2879,1,11,英=11
2880,1,3,英=3
2881,5,7,自=7
2882,1,7,英=7
2883,1,3,英=3
2884,1,2,英=2
2885,5,5,自=5
2886,5,7,自=7
2887,0,8,國=8
2888,0,7,國=7
2889,0,7,國=7
2890,0,7,國=7
2891,1,3,英=3
2892,0,7,國=7
2893,0,7,國=7
2894,0,7,國=7
2895,43,57,國+英+數A+自=57
2896,5,15,自=15
2897,21,43,國+英+數A=43
2898,0,13,國=13
2899,2,12,數A=12
2900,5,14,自=14
2901,1,15,英=15
2902,2,11,數A=11
2903,1,13,英=13
2904,5,14,自=14
2905,17,17,數A+自=17
2906,1,15,英=15
2907,2,10,數A=10
2908,5,13,自=13
2909,1,15,英=15
2910,10,24,國+自=24
2911,1,13,英=13
2912,5,0,自=0
2913,1,12,英=12
2914,5,9,自=9
2915,6,25,國+英=25
2916,17,11,數A+自=11
2917,1,13,英=13
2918,1,8,英=8
2919,0,11,國=11
2920,18,21,數B+社=21
2921,14,22,英+自=22
2922,0,13,國=13
2923,1,10,英=10
2924,0,10,國=10
2925,1,8,英=8
2926,5,11,自=11
2927,1,8,英=8
2928,0,12,國=12
2929,2,9,數A=9
2930,5,13,自=13
2931,2,4,數A=4
2932,14,18,英+自=18
2933,0,12,國=12
2934,43,46,國+英+數A+自=46
2935,5,12,自=12
2936,21,33,國+英+數A=33
2937,14,27,英+自=27
2938,43,52,國+英+數A+自=52
2939,14,19,英+自=19
2940,33,27,英+數A+自=27
2941,0,8,國=8
2942,1,4,英=4
2943,5,8,自=8
2944,1,6,英=6
2945,4,8,社=8
2946,0,7,國=7
2947,1,4,英=4
2948,4,7,社=7
2949,1,4,英=4
2950,0,7,國=7
2951,4,8,社=8
2952,4,7,社=7
2953,4,8,社=8
2954,4,8,社=8
2955,4,8,社=8
2956,1,4,英=4
2957,1,5,英=5
2958,1,4,英=4
2959,1,4,英=4
2960,0,7,國=7
2961,0,7,國=7
2962,0,7,國=7
2963,0,9,國=9
2964,0,10,國=10
2965,0,10,國=10
2966,0,10,國=10
2967,0,5,國=5
2968,0,9,國=9
2969,4,7,社=7
2970,5,5,自=5
2971,9,12,國+社=12
2972,4,7,社=7
2973,0,7,國=7
2974,24,13,國+英+自=13
2975,9,11,國+社=11
2976,10,7,國+自=7
2977,0,7,國=7
2978,6,9,國+英=9
2979,1,3,英=3
2980,4,7,社=7
2981,0,7,國=7
2982,9,12,國+社=12
2983,6,12,國+英=12
2984,0,7,國=7
2985,0,4,國=4
2986,4,7,社=7
2987,4,7,社=7
2988,4,0,社=0
2989,0,2,國=2
2990,0,2,國=2
2991,0,9,國=9
2992,6,15,國+英=15
2993,0,9,國=9
2994,5,9,自=9
2995,0,7,國=7
2996,1,6,英=6
2997,0,9,國=9
2998,1,4,英=4
2999,5,7,自=7
3000,24,30,國+英+自=30
3001,1,4,英=4
3002,5,8,自=8
3003,24,28,國+英+自=28
3004,1,2,英=2
3005,5,5,自=5
3006,14,15,英+自=15
3007,6,20,國+英=20
3008,13,17,英+社=17
3009,6,17,國+英=17
3010,0,9,國=9
3011,1,8,英=8
3012,5,9,自=9
3013,1,10,英=10
3014,0,12,國=12
3015,5,11,自=11
3016,1,10,英=10
3017,1,8,英=8
3018,5,8,自=8
3019,0,10,國=10
3020,0,10,國=10
3021,0,6,國=6
3022,1,5,英=5
3023,0,5,國=5
3024,1,5,英=5
3025,0,10,國=10
3026,2,6,數A=6
3027,2,4,數A=4
3028,9,14,國+社=14
3029,0,9,國=9
3030,4,10,社=10
3031,0,10,國=10
3032,3,0,數B=0
3033,0,8,國=8
3034,0,9,國=9
3035,9,19,國+社=19
3036,6,12,國+英=12
3037,9,16,國+社=16
3038,0,10,國=10
3039,0,9,國=9
3040,0,10,國=10
3041,23,26,國+英+社=26
3042,1,9,英=9
3043,28,25,國+數B+社=25
3044,1,6,英=6
3045,23,24,國+英+社=24
3046,1,6,英=6
3047,2,6,數A=6
3048,5,9,自=9
3049,0,4,國=4
3050,5,6,自=6
3051,2,6,數A=6
3052,2,6,數A=6
3053,5,10,自=10
3054,0,3,國=3
3055,2,4,數A=4
3056,5,8,自=8
3057,0,11,國=11
3058,5,9,自=9
3059,1,4,英=4
3060,5,9,自=9
3061,1,5,英=5
3062,5,10,自=10
3063,6,12,國+英=12
3064,5,9,自=9
3065,1,4,英=4
3066,0,9,國=9
3067,5,8,自=8
3068,5,9,自=9
3069,2,8,數A=8
3070,5,5,自=5
3071,2,7,數A=7
3072,1,10,英=10
3073,2,7,數A=7
3074,7,17,國+數A=17
3075,2,7,數A=7
3076,2,7,數A=7
3077,5,10,自=10
3078,17,15,數A+自=15
3079,1,4,英=4
3080,5,8,自=8
3081,0,8,國=8
3082,1,8,英=8
3083,0,11,國=11
3084,2,8,數A=8
3085,7,17,國+數A=17
3086,17,15,數A+自=15
3087,21,23,國+英+數A=23
3088,2,7,數A=7
3089,12,11,英+數B=11
3090,22,14,國+英+數B=14
3091,1,5,英=5
3092,3,5,數B=5
3093,44,35,國+英+數B+社=35
3094,0,9,國=9
3095,0,10,國=10
3096,0,10,國=10
3097,0,8,國=8
3098,4,11,社=11
3099,11,27,英+數A=27
3100,20,28,社+自=28
3101,53,57,英+數A+社+自=57
3102,5,7,自=7
3103,1,8,英=8
3104,43,40,國+英+數A+自=40
3105,0,12,國=12
3106,14,22,英+自=22
3107,1,4,英=4
3108,5,10,自=10
3109,1,7,英=7
3110,5,11,自=11
3111,11,26,英+數A=26
3112,20,27,社+自=27
3113,53,54,英+數A+社+自=54
3114,5,7,自=7
3115,1,6,英=6
3116,43,33,國+英+數A+自=33
3117,1,5,英=5
3118,5,8,自=8
3119,1,3,英=3
3120,5,9,自=9
3121,1,7,英=7
3122,0,9,國=9
3123,4,0,社=0
3124,23,25,國+英+社=25
3125,0,11,國=11
3126,5,8,自=8
3127,10,18,國+自=18
3128,0,9,國=9
3129,4,7,社=7
3130,0,9,國=9
3131,2,6,數A=6
3132,6,13,國+英=13
3133,0,9,國=9
3134,0,8,國=8
3135,0,9,國=9
3136,0,9,國=9
3137,0,9,國=9
3138,5,9,自=9
3139,9,18,國+社=18
3140,0,8,國=8
3141,0,10,國=10
3142,0,9,國=9
3143,4,7,社=7
