record_id,dept_id,exam_year,has_extra_screen,lowest_total
0,001012,114,1,國=15
1,001022,114,1,英=15
2,001032,114,1,社=14
3,001042,114,1,英=14
4,001052,114,1,國+英+數B+社=53
5,001062,114,1,國+英+社=40
6,001072,114,1,國+英+社=41
7,001092,114,1,數A=14
8,001102,114,1,數A=15
9,001112,114,1,自=14
10,001122,114,1,國+英+數A+自=47
11,001132,114,1,英+數A+自=41
12,001142,114,1,英+數A+社=33
13,001152,114,1,國+英+數A+自=43
14,001162,114,1,國+社=28
15,001172,114,1,國+社=29
16,001182,114,1,國+社=28
17,001192,114,1,社+自=26
18,001202,114,1,英=13
19,001212,114,1,社=12
20,001222,114,1,國+英+社=42
21,001232,114,1,國+數B+社=38
22,001242,114,1,國+英+數A+自=58
23,001252,114,1,國+英+數A+自=55
24,001262,114,1,國+英+數A+自=59
25,001272,114,1,數A+自=28
26,001282,114,1,自=14
27,001292,114,1,自=13
28,001302,114,1,英+數A+自=41
29,001312,114,1,數A+自=24
30,001322,114,1,國+英+數A+自=51
31,001332,114,1,英+數A+自=41
32,001342,114,1,數A+自=27
33,001352,114,1,英+數A+自=23
34,001362,114,1,自=15
35,001372,114,1,英+數A+自=41
36,001382,114,1,英+數A=23
37,001392,114,1,自=13
38,001402,114,1,國+英+數A+自=40
39,001412,114,1,自=14
40,001422,114,1,國+英+數A=33
41,001432,114,1,英=14
42,001442,114,1,英=13
43,001452,114,1,國+英+數A+自=53
44,001462,114,0,國+英+數A+社=44
45,001472,114,1,數A+自=26
46,001482,114,1,英+數A+自=32
47,001492,114,1,英=14
48,001502,114,1,國+英+數A+社=52
49,001512,114,1,國+英+數A+自=52
50,001522,114,1,國+英+數A=38
51,001532,114,1,國+英+數A=40
52,001542,114,1,國+英+數A+社=51
53,001552,114,1,國+英+數A+自=53
54,001562,114,1,英+數A+自=38
55,001572,114,1,英+數A+自=44
56,001582,114,1,英+自=26
57,001602,114,1,國+英=30
58,001612,114,1,國+英=30
59,001622,114,1,國+英=30
60,001632,114,1,國+英+數A+自=49
61,001642,114,1,自=14
62,001652,114,1,國=13
63,001662,114,0,國+英+數B+社=43
64,001672,114,0,英+數A+社=34
65,001682,114,0,國+英+數A+自=41
66,001692,114,0,國+英+數A+自=45
67,001702,114,0,國+英+數A+自=45
68,001712,114,0,國+英+數A+社=44
69,001722,114,1,國+英+數A+自=38
70,001732,114,0,國+英+數A+自=56
71,002012,114,1,國+英+數B+社=51
72,002022,114,1,國+英+數B+社=54
73,002032,114,1,國+社=26
74,002052,114,1,國+英=25
75,002062,114,1,國+英+數B+社=47
76,002072,114,1,國+英+數B+社=46
77,002082,114,1,國+英+數B+社=47
78,002112,114,1,國+英=25
79,002122,114,0,國+英=19
80,002132,114,1,國=12
81,002152,114,1,國+英=21
82,002172,114,1,國+英+社=37
83,002192,114,1,英=14
84,002202,114,1,國+英+社=36
85,002212,114,1,社=11
86,002232,114,1,國=13
87,002242,114,1,英+數A+自=31
88,002252,114,1,自=13
89,002262,114,1,自=10
90,002282,114,1,自=13
91,002302,114,1,國+英+數A+自=42
92,002322,114,1,自=13
93,002332,114,1,數A=12
94,002362,114,1,國+英+數A+自=42
95,002372,114,1,自=12
96,002382,114,1,國=12
97,002392,114,1,國+英+數A+自=49
98,002402,114,1,英+自=25
99,002412,114,1,英+數A=22
100,002432,114,1,國=13
101,002442,114,1,英=12
102,002452,114,1,英=14
103,002462,114,1,國+英+數B=36
104,002472,114,1,國=9
105,002482,114,1,自=10
106,002492,114,1,自=12
107,002502,114,0,國=10
108,002512,114,1,國=11
109,003012,114,1,國=13
110,003022,114,1,英=14
111,003032,114,1,國+英=21
112,003042,114,1,國=12
113,003052,114,1,國+英+數A+社=45
114,003062,114,1,國+社=25
115,003072,114,1,國+英+自=34
116,003092,114,1,國+英+數A+社=43
117,003102,114,1,國=13
118,003112,114,1,國+英+數A=31
119,003122,114,1,社=14
120,003132,114,1,自=13
121,003142,114,1,英=12
122,003152,114,1,英=13
123,003162,114,1,數A=11
124,003172,114,1,英=11
125,003182,114,1,英+數A+自=31
126,003192,114,1,數A+自=24
127,003202,114,1,英+數A+自=34
128,003212,114,1,數A+自=23
129,003222,114,1,英=13
130,003232,114,1,數A+自=24
131,003242,114,1,英+數A=20
132,003252,114,1,英+數A+自=40
133,003262,114,1,英+數A+自=37
134,003292,114,1,數A+自=26
135,003302,114,1,英+自=18
136,003312,114,1,國+英+數A+自=44
137,003322,114,1,英+自=24
138,003332,114,1,國+英+自=28
139,003342,114,1,自=12
140,003352,114,1,自=12
141,003362,114,1,自=11
142,003372,114,1,國+英+數A+自=45
143,003382,114,1,英+自=21
144,003392,114,1,國+英+數A=32
145,003402,114,1,自=12
146,003412,114,1,國+英+自=37
147,003422,114,1,國+英=23
148,003432,114,0,英=11
149,003442,114,1,自=13
150,003452,114,1,英+數A+自=39
151,003462,114,1,國+英=21
152,003472,114,0,國+英+社=30
153,003482,114,0,英+數A+自=25
154,003492,114,1,英+數A+自=30
155,003502,114,0,英+自=19
156,003512,114,0,英+數A+自=23
157,004012,114,1,英+社=22
158,004022,114,1,國+英+社=39
159,004032,114,1,社=14
160,004042,114,1,國=13
161,004052,114,1,英+數A+自=34
162,004062,114,1,數A+自=25
163,004072,114,1,自=14
164,004082,114,1,數A=10
165,004092,114,1,國+英+數A+自=43
166,004102,114,1,國+英+數A+自=50
167,004112,114,1,國+英+數A+自=51
168,004122,114,1,英+數A+自=39
169,004132,114,1,英+數A+自=40
170,004142,114,1,國+英+數A+自=48
171,004152,114,1,國+英+數A+自=49
172,004172,114,1,自=12
173,004192,114,1,國+英+數A+自=43
174,004202,114,1,國+英+自=38
175,004212,114,1,國+英+數A+自=52
176,004222,114,1,國+英+數A+自=49
177,004232,114,1,國+英+數A+自=47
178,004252,114,1,國+英+數A+自=48
179,004272,114,1,英+數A+自=39
180,004282,114,1,國+英+數A=38
181,004292,114,1,國+自=22
182,004302,114,1,英=12
183,004312,114,1,國+英+數B+社=45
184,004322,114,1,英+數B=27
185,004332,114,1,國+英+數A+自=58
186,004342,114,1,國+英+數A+自=55
187,004352,114,1,國+英+數A+自=59
188,004362,114,1,國+英+數A+自=46
189,004372,114,1,國=13
190,004382,114,1,國+英+數A+自=52
191,004392,114,1,國+英+數A+自=49
192,004402,114,1,國+英+數A+自=55
193,004412,114,1,國=13
194,004422,114,1,國=13
195,004432,114,1,英=14
196,004452,114,1,英+數A+自=39
197,004472,114,1,英+數A+自=42
198,004482,114,1,英+數A+自=42
199,004492,114,1,英+數A+自=42
200,004502,114,1,英+數A=27
201,004512,114,1,英+數A+自=40
202,004522,114,1,國+英+數A+自=50
203,004532,114,1,國+英=23
204,004542,114,1,國+英+數A+自=49
205,004552,114,1,自=13
206,004562,114,1,國=13
207,005012,114,1,國=11
208,005022,114,1,社=13
209,005032,114,1,國=10
210,005042,114,1,國+英+社=33
211,005052,114,1,社=13
212,005062,114,1,國+英+社=29
213,005072,114,1,國+英=22
214,005082,114,1,國+英+社=32
215,005092,114,1,英=10
216,005102,114,1,數A=8
217,005112,114,1,英+數A=10
218,005122,114,1,自=11
219,005132,114,1,英=9
220,005142,114,1,國+英+數A=30
221,005152,114,1,國=12
222,005162,114,1,數B=9
223,005172,114,1,國+英+數B=31
224,005182,114,1,國+英+數B=28
225,005192,114,1,國=11
226,005202,114,1,英=8
227,005242,114,1,英+數B=17
228,006012,114,1,國=14
229,006022,114,1,社=14
230,006032,114,1,國+英+數B+社=46
231,006042,114,1,國+英+數B+社=50
232,006052,114,1,英+社=25
233,006062,114,1,英+社=27
234,006072,114,1,國+英+數A=32
235,006082,114,1,社=13
236,006092,114,1,國+英+數A+社=47
237,006102,114,1,國+英+數A+社=48
238,006112,114,0,國+英+數A+自=44
239,006122,114,1,數A+社=23
240,006132,114,0,國+英+數B+社=40
241,006142,114,1,國+英+社=43
242,006152,114,1,國+英+數A+社=43
243,006162,114,1,國+英+數A=39
244,006172,114,0,國+英+數A+社=44
245,006182,114,1,國+英+數A+社=49
246,006192,114,0,國+英+數A+自=48
247,006202,114,1,國+社=27
248,006212,114,1,國=13
249,006222,114,1,國+英+數A=38
250,006232,114,1,國+英+數A+社=51
251,006242,114,1,國+英+數B+社=51
252,006252,114,1,國+英+數A+自=47
253,006262,114,1,國+英+數B+社=31
254,006272,114,1,英=13
255,006282,114,1,社=12
256,006292,114,1,國=14
257,006302,114,1,英+社=23
258,006312,114,1,社=13
259,006322,114,1,英=13
260,006332,114,1,英=14
261,006342,114,1,英=14
262,006352,114,0,國+英=23
263,006362,114,0,國+英=23
264,006372,114,1,國+英=25
265,006382,114,1,國+英+數B+社=54
266,006392,114,1,數A+自=25
267,006402,114,1,國=14
268,006412,114,1,國+英+數A+自=50
269,006442,114,0,國+英+數A+自=35
270,006452,114,1,數B+社=24
271,006462,114,0,國+英+社=30
272,007012,114,1,英+自=30
273,007022,114,1,英+自=22
274,007032,114,1,自=12
275,007042,114,1,國+英+數A=42
276,007052,114,1,國=10
277,007072,114,1,自=14
278,007082,114,1,國+英+數A+自=38
279,007092,114,1,英=9
280,007102,114,1,英=8
281,007112,114,1,英+自=26
282,007122,114,1,英=11
283,007132,114,1,國+英=26
284,007142,114,1,自=13
285,007152,114,1,國+英=22
286,007172,114,1,自=11
287,007182,114,1,英=11
288,007192,114,1,自=11
289,007202,114,1,英+自=22
290,007222,114,1,英=13
291,007232,114,1,國=10
292,007242,114,1,國+英=26
293,007252,114,1,英=14
294,007262,114,1,自=13
295,007282,114,1,國+自=23
296,007302,114,1,國=10
297,007312,114,1,國=10
298,008012,114,1,數A=8
299,008022,114,1,自=9
300,008032,114,1,自=10
301,008042,114,1,英+數A=15
302,008052,114,1,英+數A=15
303,008062,114,1,國+英+數A+自=34
304,008072,114,1,自=8
305,008082,114,1,英+數A+自=27
306,008092,114,1,英+數A+自=29
307,008102,114,1,英+數A+自=31
308,008112,114,1,國+數A=18
309,008122,114,1,國+數A+自=29
310,008132,114,1,自=11
311,008142,114,1,國+英+自=28
312,008152,114,1,數A=10
313,008162,114,1,國+數A=18
314,008172,114,1,國+英=20
315,008182,114,1,英=11
316,008192,114,1,英=12
317,008202,114,1,英+數A=21
318,008212,114,1,英+數A=18
319,008222,114,1,英+數A=17
320,008232,114,1,國+社=18
321,008242,114,1,國+社=21
322,008252,114,1,國+社=22
323,008262,114,1,國+社=20
324,008272,114,1,英+社=16
325,008282,114,1,國=12
326,008292,114,1,社=12
327,008302,114,1,國=10
328,008312,114,1,國=12
329,008322,114,1,國=11
330,008332,114,1,國+英+數A=30
331,008342,114,1,國+英+社=32
332,008352,114,1,國+英=21
333,008362,114,1,國+英+自=30
334,008372,114,1,國=11
335,008382,114,1,國=11
336,008392,114,0,國=11
337,008402,114,1,國=10
338,008412,114,1,國=10
339,009012,114,1,國+社=22
340,009022,114,1,英=11
341,009032,114,1,社=12
342,009042,114,1,國=11
343,009052,114,1,國=10
344,009062,114,1,英+數A=14
345,009072,114,1,英+自=19
346,009082,114,1,英+自=18
347,009092,114,1,英+自=19
348,009102,114,1,國+英+自=27
349,009112,114,1,國+數A=16
350,009122,114,1,國+數B=16
351,009132,114,1,數A+自=19
352,009142,114,1,國=9
353,009152,114,1,國=9
354,009162,114,1,國+英+自=25
355,009172,114,1,英+數A+自=27
356,009192,114,1,國=12
357,009202,114,1,國=11
358,009212,114,1,國+英+數B=27
359,009222,114,1,社=12
360,009232,114,1,國+英+數B=28
361,009242,114,1,國+數A=17
362,009252,114,1,國+數B=13
363,009262,114,1,國=9
364,009272,114,1,數B=9
365,009282,114,1,國+社=20
366,009292,114,1,國+社=24
367,009302,114,1,國=11
368,009312,114,1,國+社=21
369,009322,114,1,國+英+自=25
370,009332,114,1,自=9
371,009342,114,1,英+數B+社=23
372,009352,114,1,國+英=17
373,009362,114,1,國+英=24
374,009372,114,1,國+英+自=31
375,009382,114,1,國+英+社=31
376,009392,114,1,國+英=19
377,009402,114,1,國=12
378,009412,114,1,英=9
379,009422,114,1,英=7
380,009442,114,1,國+英=17
381,011012,114,1,國=13
382,011022,114,1,國=14
383,011032,114,1,國+英=28
384,011042,114,0,國+英+數B+社=47
385,011052,114,1,國=13
386,011072,114,1,社=12
387,011082,114,1,國+英+數B=38
388,011092,114,0,英=13
389,011102,114,1,國+英+社=37
390,011112,114,1,國+數B=20
391,011122,114,1,國=13
392,011132,114,1,英+社=24
393,011142,114,1,國+英+數A=37
394,011152,114,1,國+英+數A=38
395,011162,114,1,國+英+數A=39
396,011172,114,1,英+數A+自=37
397,011182,114,1,英+數A+自=38
398,011192,114,1,數A+自=27
399,011202,114,0,數A+自=26
400,011212,114,1,數A+自=26
401,011222,114,1,自=13
402,011232,114,1,數A+自=27
403,011242,114,1,英+自=26
404,011252,114,1,國+英+數A+自=51
405,011262,114,1,國+英+數A+自=53
406,011272,114,1,國+英+數A+自=52
407,011282,114,1,英+數A+自=40
408,011292,114,1,國+英+數A+自=52
409,011302,114,1,自=14
410,011312,114,1,國+自=25
411,011322,114,1,國+英+數A+自=54
412,011332,114,1,英+自=28
413,011342,114,1,英+數A=28
414,011352,114,0,國+英+數A+自=55
415,011362,114,1,國+英+自=32
416,011372,114,1,英+數A+自=41
417,011402,114,1,英+數A=25
418,011412,114,1,英=11
419,011422,114,1,國+英+數A+自=50
420,011432,114,1,國+英+數A+自=51
421,011442,114,1,英+數A=24
422,011462,114,0,國+英+社=32
423,011472,114,1,國+英=23
424,011482,114,1,英+數A+自=29
425,011492,114,0,英+數A+自=34
426,011502,114,1,英+數A=21
427,011522,114,1,英=13
428,011532,114,0,英=11
429,011542,114,1,國=12
430,012012,114,1,國+數A+社+自=57
431,012022,114,1,國+數A+社+自=56
432,012032,114,1,英+數A=27
433,012042,114,1,英+數A=27
434,012052,114,1,自=13
435,012062,114,1,國+英+自=25
436,012072,114,1,自=13
437,012082,114,1,自=12
438,012092,114,1,自=13
439,012102,114,1,英=12
440,012112,114,1,自=12
441,012122,114,1,國=13
442,012132,114,1,自=11
443,012142,114,1,英=12
444,012152,114,1,國=12
445,012162,114,1,英=13
446,012172,114,1,自=11
447,013012,114,1,英+數A+自=45
448,013022,114,1,英+自=28
449,013032,114,1,英+自=28
450,013042,114,1,國+英+自=41
451,013052,114,1,數A+自=26
452,013062,114,1,英+自=25
453,013072,114,1,英+自=26
454,013102,114,1,英+數A+自=42
455,013112,114,1,英+數A+自=41
456,013122,114,1,國+英+自=43
457,013132,114,1,國+英+數A+自=51
458,013142,114,1,英+自=25
459,013152,114,1,英=12
460,013162,114,1,英+數A+自=39
461,013172,114,1,英+數A+自=38
462,013182,114,1,數A+自=28
463,013192,114,1,英+數A+自=42
464,013202,114,1,國+英+數A+自=52
465,013212,114,1,英+自=17
466,013222,114,1,英=13
467,013232,114,1,英+數A+自=36
468,013242,114,1,英=13
469,013252,114,1,英+數A=26
470,013262,114,1,國+英+數A=37
471,013272,114,1,國+英+數A+自=49
472,013282,114,1,英+自=25
473,013292,114,1,英=14
474,013302,114,1,數B=12
475,013312,114,1,國+英+社=41
476,013322,114,1,社=13
477,013332,114,1,數A+自=24
478,013342,114,1,英+數A=23
479,013352,114,1,英+數A+自=34
480,013362,114,1,國+英+數A=31
481,013372,114,1,國+英+社=35
482,013382,114,1,英+數A+自=42
483,013392,114,1,英+數A+自=35
484,013402,114,1,英+數A+自=31
485,013412,114,1,英+數A+自=32
486,013422,114,1,國+英+數A+自=57
487,013432,114,1,國+英+數A+自=58
488,013442,114,1,國+英+數A+自=58
489,013452,114,1,國+英+數A+自=55
490,013462,114,1,國+英+數A+自=58
491,013472,114,1,國+英+自=42
492,013482,114,1,英+數A+自=37
493,013492,114,1,自=12
494,013502,114,1,英=13
495,013512,114,1,國+數A+自=38
496,013522,114,1,英+數A+自=27
497,013532,114,1,英+數A+自=35
498,013542,114,1,英+數A+自=40
499,013552,114,1,國+英+數A+自=55
500,013562,114,1,英+數A+自=37
501,013572,114,1,英+數A+自=42
502,014012,114,1,國=11
503,014022,114,1,社=12
504,014032,114,1,國=9
505,014042,114,1,國=11
506,014052,114,1,國=11
507,014062,114,1,國=10
508,014072,114,1,國+社=19
509,014082,114,1,國=10
510,014092,114,0,英=8
511,014102,114,1,國=8
512,014112,114,1,國=9
513,014122,114,1,英=9
514,014132,114,1,社=8
515,014142,114,1,國=11
516,014152,114,1,國=11
517,014162,114,1,英=6
518,014172,114,1,國=10
519,014182,114,1,國=9
520,014192,114,1,國=9
521,014202,114,1,國=9
522,014212,114,1,國=10
523,014222,114,1,國=10
524,014232,114,0,英=8
525,014242,114,1,國=9
526,014252,114,1,國=7
527,014262,114,1,國+英+數B=20
528,014272,114,1,國+社=23
529,014282,114,1,國=10
530,014292,114,1,英=10
531,014302,114,1,英=7
532,014312,114,1,英=7
533,014322,114,1,數A=8
534,014332,114,1,自=10
535,014342,114,1,自=10
536,014352,114,1,自=9
537,014362,114,1,國=12
538,014372,114,1,英+自=13
539,014382,114,1,數A=9
540,014402,114,1,數B=7
541,014412,114,1,國=10
542,014422,114,1,自=10
543,014432,114,1,英=9
544,014442,114,1,自=10
545,014452,114,1,數A+自=19
546,014462,114,1,自=9
547,014472,114,1,國+數A+自=23
548,014482,114,1,國+英+自=25
549,015012,114,1,國+數A+自=28
550,015022,114,1,國+數A+自=27
551,015032,114,1,國+英+數A=26
552,015042,114,1,國+英+數B=26
553,015052,114,1,國+英+數A+自=38
554,015062,114,1,國+英+數A+自=36
555,015072,114,1,國+英+數A=24
556,015082,114,1,國+英+數A=23
557,015092,114,1,國+英+數B=25
558,015102,114,1,國+英+數A+自=39
559,015112,114,1,國+數A+自=26
560,015122,114,1,國+英+數A+自=37
561,015132,114,1,社=10
562,015142,114,1,國+英+數B+社=32
563,015152,114,0,國+英+數B=16
564,015162,114,1,社=12
565,015172,114,1,國+英+數B+社=20
566,015182,114,1,國+英+數B=24
567,015192,114,1,國+英+數B=16
568,015202,114,1,社=11
569,015212,114,1,國+英+社=29
570,015222,114,1,國+英=18
571,015232,114,1,國=10
572,015242,114,1,國+社=17
573,015252,114,1,國+英+數A=28
574,015282,114,1,國+英+數A+自=40
575,015292,114,1,國+英+數A+自=43
576,015302,114,1,國+英+數A=25
577,015312,114,1,國+英+數A=28
578,015322,114,1,國+英+數A=25
579,015332,114,1,國+英+數A+自=35
580,015342,114,1,國+數A=16
581,015352,114,0,國+英+社=22
582,015362,114,1,國+英+數B=22
583,015372,114,1,國+英+社=22
584,015382,114,1,國+英+數B=27
585,015392,114,1,國+英+數B=22
586,015402,114,1,國+英+數B=24
587,015412,114,1,國+英+數B=24
588,015422,114,1,英+社=17
589,015432,114,1,國+英+數A=24
590,015442,114,1,英+數B=12
591,015452,114,1,英+數B=15
592,015462,114,0,英=8
593,015472,114,0,英+數A=14
594,015482,114,1,英+數A=14
595,015492,114,1,英+數B=13
596,015502,114,1,英+數A=14
597,015512,114,1,英+數A=15
598,015522,114,1,國+英+數A=17
599,016012,114,1,國=14
600,016022,114,1,英=14
601,016032,114,1,英=13
602,016042,114,1,國+英+數B+社=39
603,016052,114,1,英+自=17
604,016062,114,1,英+自=21
605,016072,114,1,自=13
606,016082,114,1,英+數A+自=37
607,016092,114,1,自=14
608,016102,114,1,自=14
609,016112,114,1,英+數A+自=34
610,016122,114,1,國+英+數A+自=33
611,016132,114,1,國+英+數A+自=36
612,016162,114,1,數A=12
613,016172,114,1,社+自=27
614,016182,114,1,國+英+數B=33
615,016192,114,1,自=13
616,016212,114,1,國+英=22
617,016222,114,1,英+社=27
618,016232,114,1,英+數A+自=40
619,016242,114,1,英+數A+自=39
620,016272,114,1,國+英+數A+自=50
621,016282,114,1,英+數A+自=39
622,016292,114,1,英+數A+自=34
623,016302,114,1,英+數A+自=37
624,016312,114,1,英+數A+自=32
625,016322,114,1,英+數A+自=31
626,016332,114,0,國+社=24
627,016342,114,0,國+社=24
628,016362,114,1,自=14
629,016372,114,1,數A+自=23
630,016382,114,1,國+英+數A+自=47
631,016392,114,0,國+英+數B+社=44
632,016402,114,1,國+英+數A+自=39
633,017032,114,1,國+社=19
634,017042,114,1,社=11
635,017052,114,1,國+英=14
636,017062,114,1,國=8
637,017072,114,1,英=6
638,017082,114,1,數A=5
639,017092,114,1,自=9
640,017102,114,1,國+自=16
641,017112,114,1,社=10
642,017122,114,1,國=8
643,017132,114,0,國=8
644,017142,114,1,國+英+自=20
645,017152,114,1,數A=6
646,017162,114,1,國+英+自=20
647,017172,114,0,國=7
648,017182,114,1,國=9
649,017192,114,1,國=10
650,017212,114,1,國=7
651,017222,114,1,社=10
652,017232,114,1,國=9
653,017242,114,1,國=9
654,017252,114,1,國=10
655,017262,114,1,國=7
656,017272,114,0,國+英=13
657,017282,114,0,國=7
658,017312,114,1,國=8
659,017322,114,1,國+英=13
660,017332,114,1,社=10
661,017342,114,1,國=9
662,017352,114,0,國=9
663,017362,114,1,國=8
664,017372,114,1,國=9
665,017382,114,1,數B=7
666,017392,114,1,社=10
667,017402,114,1,數B=4
668,017412,114,0,國=7
669,017422,114,1,社=10
670,017432,114,1,國=10
671,017442,114,1,國=10
672,017452,114,1,國=9
673,017462,114,1,國=11
674,017472,114,1,社=7
675,017482,114,1,國+英+社=27
676,017492,114,1,國+自=18
677,017502,114,0,國+英=9
678,017522,114,0,國=3
679,017532,114,0,國=3
680,018012,114,1,英=9
681,018022,114,1,國+英=16
682,018032,114,1,國+社=20
683,018042,114,1,社=10
684,018052,114,1,國+社=18
685,018062,114,1,國+社=16
686,018072,114,1,國+社=21
687,018082,114,1,國=9
688,018102,114,1,國+英=16
689,018112,114,1,數B=6
690,018122,114,1,自=8
691,018132,114,1,國+英+自=22
692,018142,114,1,國+英+自=19
693,018152,114,0,國=7
694,018162,114,1,國=8
695,018172,114,1,國=9
696,018182,114,1,國=10
697,018192,114,1,國+英=14
698,018202,114,1,國=10
699,018212,114,1,國+英=12
700,018222,114,1,國+英=15
701,018242,114,0,國+英=7
702,018252,114,1,國=9
703,018272,114,1,數B=3
704,018292,114,1,國=6
705,018312,114,1,國=6
706,018322,114,1,數A=5
707,018342,114,1,國+數B=9
708,019012,114,1,國+英+自=23
709,019022,114,1,自=8
710,019032,114,1,國+英+自=21
711,019042,114,0,數A=4
712,019052,114,1,英=6
713,019062,114,0,國+英=5
714,019072,114,1,國+社=18
715,019082,114,1,國+英=14
716,020012,114,1,國=12
717,020022,114,1,社=13
718,020032,114,1,社=11
719,020042,114,1,社=12
720,020052,114,1,國+英=21
721,020072,114,1,國+英=24
722,020082,114,1,國+英+社=33
723,020092,114,1,國+數B=18
724,020102,114,1,國+英+數B=22
725,020112,114,1,國+英+社=31
726,020122,114,1,英=10
727,020132,114,1,國+英=22
728,020152,114,1,英+社=29
729,020162,114,1,英+社=28
730,020172,114,1,國+英+數A=32
731,020182,114,1,自=12
732,020192,114,1,自=11
733,020202,114,1,數A=8
734,020212,114,1,數A=9
735,020222,114,1,英+自=19
736,020232,114,1,英+數A=18
737,020252,114,1,自=10
738,020262,114,1,自=11
739,020272,114,1,自=10
740,020282,114,1,英+數A+自=30
741,020302,114,1,英+數A=15
742,020322,114,0,英+數A=14
743,020332,114,1,英+數A=17
744,020352,114,1,英+數A=14
745,020362,114,1,英=13
746,020372,114,1,英=11
747,020382,114,1,英=11
748,020392,114,0,國=12
749,020402,114,1,國=9
750,020412,114,1,國=11
751,020422,114,1,國=11
752,020432,114,1,國+英=16
753,020442,114,1,國+英+社=27
754,020452,114,1,英=9
755,020462,114,1,英=8
756,020472,114,1,國+英=19
757,020482,114,1,自=10
758,020492,114,1,自=11
759,020502,114,1,國+英+社=36
760,020512,114,1,國+英+社=36
761,020522,114,1,英+數B=19
762,020532,114,1,國+數B=21
763,020542,114,1,英+數B=17
764,020562,114,0,英+數B=12
765,020572,114,1,英+數B=20
766,020582,114,1,英+社=22
767,020592,114,1,社=12
768,020602,114,1,數B=10
769,020612,114,1,國+社=18
770,020622,114,1,國+英+數B=33
771,020642,114,1,國=9
772,020662,114,1,國+英=16
773,020682,114,0,國+英=8
774,021012,114,1,英=8
775,021022,114,1,國+英+數B+社=32
776,021032,114,1,英=10
777,021042,114,0,英=8
778,021052,114,1,自=9
779,021062,114,1,國=10
780,021082,114,1,社=9
781,021092,114,1,自=9
782,021102,114,1,自=10
783,021112,114,1,國+英+自=20
784,021122,114,1,自=11
785,021132,114,1,英=9
786,021152,114,1,自=8
787,021162,114,1,數A+自=20
788,021172,114,1,自=11
789,021182,114,1,數A=7
790,021192,114,1,數A+自=18
791,021202,114,1,英+數A+自=34
792,021222,114,1,英+數A+自=33
793,021242,114,1,數A=10
794,021252,114,1,國+英+數A+自=35
795,021262,114,1,英+數A+自=32
796,021272,114,1,國=12
797,022012,114,1,國=13
798,022022,114,1,英=13
799,022032,114,1,社=13
800,022042,114,0,英+數A+自=23
801,022052,114,1,英+數A+自=24
802,022062,114,1,英+數A+自=33
803,022072,114,1,自=12
804,022082,114,1,英+數A+自=27
805,022092,114,1,英=10
806,022102,114,1,國=11
807,022112,114,1,數B=10
808,022122,114,1,英+數A+自=26
809,022132,114,1,英+數A+自=25
810,022142,114,1,國+英+社=33
811,022152,114,1,國+英+自=30
812,022162,114,0,國+英+數A+自=45
813,022172,114,1,英+數A+自=34
814,022182,114,1,英+數A=19
815,023012,114,0,國+英+數B+社=42
816,023022,114,1,國+英+數B+社=46
817,023032,114,1,國=12
818,023042,114,1,國+英+數A+自=25
819,023052,114,1,自=12
820,023062,114,1,自=11
821,023072,114,1,自=11
822,023082,114,1,英+數A+自=34
823,023102,114,1,國+社=20
824,023112,114,1,國=13
825,023122,114,1,社=13
826,023132,114,1,自=12
827,023142,114,1,英+數A=22
828,023152,114,1,國+英+數A+自=45
829,023162,114,1,英+數A+自=34
830,023182,114,1,國=13
831,023192,114,1,國=12
832,023202,114,1,國+英+數B=32
833,023212,114,1,國+英+數A=30
834,023222,114,1,國+英+社=32
835,023232,114,1,國+英+社=35
836,023242,114,0,國+英=13
837,023252,114,0,國+英=15
838,023262,114,0,英=8
839,023272,114,0,英+數A+自=22
840,023282,114,0,英+數A+自=19
841,023302,114,0,國+英=4
842,026012,114,1,國+英=29
843,026022,114,1,英=15
844,026032,114,1,國+英+自=40
845,026042,114,1,英=13
846,026062,114,1,國+英+數A+自=47
847,026072,114,1,國+英+數A+自=43
848,026082,114,1,國+英=18
849,026092,114,1,國=11
850,026102,114,1,自=11
851,026112,114,1,國+英=25
852,026122,114,1,英+自=23
853,026132,114,1,國+英+社=34
854,026142,114,1,國+英+自=29
855,026152,114,1,國+自=23
856,026162,114,1,國+數A+自=32
857,026172,114,0,國=11
858,026182,114,1,國+英+自=31
859,026192,114,1,自=12
860,026202,114,1,國+英+社=31
861,026212,114,1,國+自=23
862,026222,114,1,社=12
863,026232,114,1,國+社=22
864,026242,114,1,英=8
865,027012,114,1,國+英+社=31
866,027022,114,1,國+社=20
867,027042,114,1,自=13
868,027052,114,1,英+數A=15
869,027062,114,1,國+數A+自=36
870,027072,114,1,國+英+數A+自=47
871,027082,114,1,英+數A+自=36
872,027092,114,1,英+數A+自=35
873,027102,114,1,國+英+數A+自=45
874,027112,114,1,國+英+數A+自=41
875,027122,114,1,英+數A+自=40
876,027132,114,1,英+數A+自=38
877,027152,114,1,英+數A+自=31
878,027162,114,0,英+數A+自=32
879,027172,114,1,國+英+數A+自=50
880,027182,114,1,國+英+數A+自=44
881,027192,114,1,自=13
882,027202,114,1,自=13
883,027212,114,1,數A+自=25
884,027222,114,1,數A+自=23
885,027232,114,1,數B=12
886,027242,114,1,國+英+數A=36
887,027252,114,1,英=13
888,027262,114,1,英=13
889,027272,114,1,自=10
890,027282,114,0,數A+自=15
891,027292,114,1,自=9
892,027302,114,1,英+數A=19
893,027312,114,1,社=13
894,027322,114,1,國+英=24
895,027332,114,1,英+自=23
896,027342,114,1,英+自=22
897,027352,114,1,自=11
898,027362,114,0,國+英+社=36
899,027372,114,1,國+英+數B=28
900,027382,114,1,英+數A+自=25
901,027392,114,0,英+數A+自=28
902,027402,114,0,英+數A+自=0
903,027412,114,0,國+英+社=31
904,027422,114,0,國+英=21
905,027432,114,0,英=0
906,028012,114,1,國=11
907,028022,114,1,國=10
908,028032,114,0,自=9
909,030012,114,1,國+英+數A+自=59
910,030022,114,1,英+數A=27
911,030032,114,1,英+自=20
912,030042,114,1,英+數A+自=30
913,030052,114,1,英+數A+自=34
914,030062,114,1,國+英+自=40
915,030072,114,1,英+自=26
916,030082,114,1,英+數A+自=28
917,030092,114,1,英+自=23
918,030102,114,1,英+數A+自=31
919,030112,114,0,英+數A+自=30
920,030122,114,1,英+數A+自=30
921,030132,114,1,英+數A+自=31
922,030142,114,1,英+數A+自=31
923,030152,114,1,英+數A+自=31
924,030172,114,1,英+數A+自=34
925,030182,114,1,數A=8
926,030192,114,1,英+數A+自=29
927,030212,114,1,國+英=21
928,030222,114,0,英=3
929,030252,114,1,國+英=20
930,030272,114,1,國+英=21
931,031012,114,1,國+英=18
932,031022,114,1,國=12
933,031032,114,1,國+英=22
934,031042,114,1,國+英+社=26
935,031052,114,0,國=10
936,031062,114,1,數B=9
937,031072,114,1,國+英+社=33
938,031082,114,1,社=14
939,031092,114,1,國=13
940,031102,114,1,國=13
941,031122,114,1,國=11
942,031142,114,1,國+英+社=36
943,031152,114,1,數A=9
944,031162,114,1,國+英+數A+自=37
945,031172,114,1,國+英+數A=30
946,031182,114,0,國+英+數B=14
947,031202,114,1,國+英+數B=24
948,031212,114,1,英+社=20
949,032012,114,1,國+英+數B=32
950,032022,114,0,國+英+數B=21
951,032042,114,1,英=11
952,032052,114,0,國+英=20
953,032062,114,1,國=12
954,032072,114,0,國=0
955,032092,114,1,國+英+數B=32
956,032102,114,0,國+英+數B=21
957,032112,114,1,國=14
958,032122,114,1,國=11
959,032132,114,1,英+社=24
960,032152,114,1,英=13
961,032162,114,1,英=13
962,032172,114,1,國+英+數B+社=37
963,032182,114,1,國+英+社=33
964,032192,114,1,國+英+社=34
965,032222,114,1,數A=10
966,032232,114,1,國+英=22
967,032252,114,0,國=12
968,032262,114,0,自=11
969,032272,114,0,數A+自=17
970,032302,114,1,英+數A+自=30
971,032312,114,1,國+英+數B=31
972,033012,114,0,國+英+數B=29
973,033032,114,1,國+英+數B=31
974,033042,114,1,國+英+數B=28
975,033062,114,1,國+英=18
976,033072,114,0,國+英+社=28
977,033082,114,1,國+英+社=24
978,033092,114,1,英=12
979,033112,114,1,數A=10
980,033122,114,1,英=9
981,033142,114,1,數A=9
982,033152,114,1,英+數A+自=33
983,033162,114,1,英+數A=21
984,033182,114,1,英+數A=21
985,033192,114,1,國=10
986,033202,114,1,國=11
987,033212,114,0,國+英=21
988,033232,114,1,國+英+數B+社=41
989,033242,114,1,國+英+數B=28
990,033262,114,1,國+英=11
991,034012,114,1,數A=7
992,034022,114,1,數A=6
993,034032,114,1,自=10
994,034042,114,0,自=9
995,034052,114,1,自=10
996,034062,114,0,英+自=15
997,034072,114,0,數A=6
998,034092,114,1,數A=7
999,034102,114,1,英=8
1000,034112,114,0,數A=6
1001,034122,114,0,英+數A+自=15
1002,034132,114,1,英+數A+自=18
1003,034142,114,0,國+英+數A+自=27
1004,034152,114,1,國+英+數A+自=34
1005,034162,114,0,數A=6
1006,034172,114,0,英=8
1007,034182,114,0,英=8
1008,034192,114,0,英=8
1009,034202,114,1,國+英+數A=25
1010,034212,114,0,國+英+數B=22
1011,034222,114,1,國+英+數A=21
1012,034232,114,0,英=8
1013,034242,114,1,國+英+數B=17
1014,034252,114,0,英+社=11
1015,034262,114,0,國+英+數B=22
1016,034272,114,0,國+英+數A=19
1017,034282,114,0,國+英+數B=23
1018,034292,114,0,英=8
1019,034302,114,1,國=12
1020,034312,114,1,國=10
1021,034322,114,1,英=10
1022,034332,114,1,社=11
1023,034342,114,1,社=13
1024,034352,114,1,數B=7
1025,034362,114,1,英=8
1026,034372,114,1,國+社=16
1027,034382,114,1,國=12
1028,034392,114,1,國+英+社=34
1029,034402,114,0,國=10
1030,034412,114,1,社=11
1031,034422,114,1,社=11
1032,034432,114,1,國=10
1033,034442,114,1,國+英+社=24
1034,034452,114,1,社=10
1035,034462,114,0,社=10
1036,034472,114,0,社=10
1037,034482,114,0,自=9
1038,034492,114,0,國=10
1039,034502,114,0,國=4
1040,034522,114,1,國=8
1041,035012,114,1,國=12
1042,035022,114,1,國=12
1043,035032,114,1,國=11
1044,035042,114,1,國+英+數B=34
1045,035052,114,1,國=11
1046,035062,114,1,國=13
1047,035072,114,1,英=13
1048,035082,114,1,國=12
1049,035092,114,1,社=11
1050,035102,114,1,國+英+自=28
1051,035122,114,1,自=9
1052,035132,114,1,自=10
1053,035152,114,0,數A=11
1054,035162,114,1,國+英+數A=29
1055,035182,114,1,英+數A=19
1056,035192,114,1,社=12
1057,035222,114,1,數A=7
1058,036012,114,1,國=11
1059,036022,114,0,國=10
1060,036032,114,1,國=11
1061,036052,114,1,國+英+數B+社=41
1062,036062,114,0,國+英+數B+社=42
1063,036072,114,1,國+英+社=29
1064,036092,114,1,國=10
1065,036102,114,0,國+英+社=22
1066,036112,114,1,英=11
1067,036132,114,1,英=11
1068,036142,114,1,國=11
1069,036152,114,1,英=7
1070,036162,114,1,國+英+數B=25
1071,036172,114,1,英=5
1072,036182,114,1,國+英+數B+社=35
1073,036192,114,1,英+數B=12
1074,036202,114,0,國=9
1075,036212,114,1,國+英+數B+社=38
1076,036222,114,1,數B=8
1077,036232,114,1,自=9
1078,036242,114,1,數A=8
1079,036252,114,1,數A=7
1080,036262,114,1,自=7
1081,036272,114,0,英+自=8
1082,036292,114,0,數A=7
1083,036312,114,1,數A=6
1084,036322,114,1,自=10
1085,036332,114,1,英+數A=13
1086,036342,114,1,國+英+數A=10
1087,036352,114,1,國+英=13
1088,038012,114,1,國=7
1089,038022,114,1,國=11
1090,038032,114,0,國=9
1091,038042,114,1,國=10
1092,038052,114,1,國=9
1093,038072,114,1,國=10
1094,038082,114,1,國=9
1095,038092,114,1,國=4
1096,038102,114,0,社=9
1097,038112,114,1,自=8
1098,038122,114,1,英+數A=10
1099,038132,114,1,國+英+數B=23
1100,038142,114,1,數A=6
1101,038152,114,1,自=8
1102,038162,114,0,自=5
1103,038172,114,1,自=9
1104,038202,114,0,國=2
1105,039012,114,1,國+英+社=28
1106,039022,114,1,國+英+自=30
1107,039072,114,0,國+英+社=25
1108,039082,114,1,國+英=13
1109,040012,114,1,國+英+自=26
1110,040022,114,1,國=10
1111,040032,114,1,國+英+數B=23
1112,040042,114,1,國+數B=14
1113,040052,114,1,國+英+數B=21
1114,040062,114,1,國+英=14
1115,040072,114,1,國+英=19
1116,040082,114,1,國=10
1117,040092,114,1,國+數B+社=16
1118,040112,114,1,國+英=15
1119,040122,114,1,國+英+數B=28
1120,040132,114,0,英+數B=14
1121,040142,114,1,英+數B=10
1122,040152,114,1,國=10
1123,040162,114,1,國+英+數A=29
1124,040172,114,1,國+英+數A=24
1125,040192,114,1,國+英+數A=25
1126,040202,114,1,國+自=21
1127,040212,114,1,國+自=22
1128,040222,114,1,國+英=18
1129,040232,114,1,英+自=18
1130,040242,114,1,英+數A+自=31
1131,040262,114,1,國+自=23
1132,040272,114,1,國+英+數A=29
1133,040282,114,1,英+自=20
1134,041012,114,1,國=14
1135,041022,114,1,英=14
1136,041032,114,1,社=14
1137,041042,114,1,英=10
1138,041052,114,1,數A=11
1139,041062,114,1,自=12
1140,041072,114,1,自=12
1141,041082,114,1,英+自=23
1142,041092,114,1,國+英+數A+自=46
1143,041102,114,1,國+英=20
1144,041112,114,1,英+數A=22
1145,041122,114,1,社=11
1146,041132,114,1,社=12
1147,041142,114,1,國=13
1148,041152,114,1,英+數A+自=37
1149,041162,114,1,國+英+數A+自=51
1150,041172,114,1,國+英+數A+自=47
1151,041182,114,0,國+英+數A+自=48
1152,041192,114,1,國+英+數A+自=43
1153,041202,114,1,數A+自=25
1154,041212,114,1,國+英+數A+自=49
1155,041222,114,1,國=12
1156,041232,114,1,國+英=24
1157,041242,114,1,英=12
1158,041252,114,1,英=12
1159,041262,114,1,英=14
1160,041282,114,1,國=13
1161,041292,114,1,國=13
1162,041302,114,1,國+英+數B+社=49
1163,041312,114,0,社=10
1164,041322,114,1,國+英=25
1165,041332,114,1,國=13
1166,041342,114,1,國+英+數A+自=37
1167,041352,114,0,國=9
1168,041362,114,0,國+英+數B+社=35
1169,041372,114,0,國+英=18
1170,041382,114,0,英+自=18
1171,041392,114,0,國=8
1172,041402,114,0,國+英+數B+社=36
1173,041412,114,0,數A+自=16
1174,042012,114,1,國+數A=9
1175,042022,114,1,英+數A=7
1176,042032,114,1,自=7
1177,042042,114,1,數A=3
1178,042072,114,1,國=4
1179,042082,114,1,英=3
1180,042102,114,0,國+英=6
1181,042112,114,0,國+英=9
1182,042132,114,0,國+英=9
1183,042142,114,0,國+社=10
1184,042162,114,0,社=7
1185,042172,114,0,社=6
1186,042182,114,1,社=7
1187,042202,114,0,國=7
1188,042212,114,0,社=7
1189,042222,114,1,英=4
1190,042232,114,1,國=7
1191,042242,114,0,英=3
1192,042252,114,0,國=7
1193,042262,114,0,國=7
1194,042282,114,0,國+社=11
1195,042302,114,0,國+社=11
1196,042322,114,1,英=4
1197,042332,114,1,英=4
1198,042342,114,1,國=7
1199,042352,114,1,英+自=12
1200,042362,114,1,英+社=12
1201,042392,114,0,國=2
1202,042402,114,0,國=2
1203,042412,114,0,國=2
1204,042422,114,0,國=2
1205,044012,114,0,國=8
1206,044022,114,0,自=6
1207,044032,114,0,國=7
1208,044052,114,0,國=7
1209,044062,114,0,國=7
1210,044072,114,0,國=7
1211,044082,114,0,國=10
1212,044092,114,0,國=7
1213,044102,114,0,國=7
1214,045012,114,1,國+數A=13
1215,045022,114,1,國=2
1216,045032,114,1,數A=4
1217,045042,114,1,數B=6
1218,045062,114,0,數A=4
1219,045072,114,0,數A=4
1220,045082,114,0,數A=4
1221,045092,114,1,數A=4
1222,045102,114,0,數A=4
1223,045112,114,1,英=5
1224,045122,114,0,英=6
1225,045132,114,1,國+英=11
1226,045162,114,0,國=9
1227,045172,114,1,國=9
1228,045182,114,0,國=9
1229,045192,114,0,國=9
1230,045202,114,0,國=9
1231,045212,114,0,國=9
1232,045222,114,0,英=8
1233,045232,114,1,國=9
1234,045242,114,1,國=9
1235,045252,114,0,國=9
1236,045262,114,1,自=7
1237,045272,114,1,國=10
1238,045282,114,1,自=8
1239,045292,114,1,國=9
1240,045302,114,1,自=9
1241,045312,114,1,自=11
1242,045322,114,1,自=9
1243,045332,114,1,自=9
1244,045342,114,1,國+自=27
1245,045352,114,0,國=9
1246,046012,114,1,國+英+社=18
1247,046022,114,1,國+社=21
1248,046032,114,1,國+社=20
1249,046042,114,1,國+社=20
1250,046052,114,1,國+英=8
1251,046062,114,1,社=9
1252,046072,114,1,國=9
1253,046082,114,1,社=10
1254,046092,114,1,國+英+社=14
1255,046112,114,1,國=10
1256,046122,114,1,國=11
1257,046132,114,1,國+社=20
1258,046142,114,1,國+英=18
1259,046162,114,1,社=12
1260,046172,114,1,國=12
1261,046182,114,1,英=10
1262,046192,114,1,英=8
1263,046202,114,1,英=8
1264,046212,114,1,英=8
1265,046222,114,0,國=7
1266,046232,114,1,國=10
1267,046242,114,1,國=9
1268,046252,114,1,國+社=16
1269,046262,114,1,國=10
1270,046272,114,1,社=9
1271,046282,114,1,國=9
1272,046292,114,1,社=10
1273,046302,114,1,國+英+社=26
1274,046312,114,1,國=9
1275,046322,114,1,社=10
1276,046332,114,1,社=8
1277,046342,114,1,國=9
1278,046352,114,1,國+社=19
1279,046362,114,1,國+社=22
1280,046372,114,1,國+社=21
1281,046382,114,1,國+英=17
1282,046392,114,1,國+英+社=26
1283,046402,114,1,國+社=18
1284,046412,114,1,國+英=14
1285,046422,114,1,國+數B=13
1286,046432,114,1,國+社=18
1287,046442,114,1,國=9
1288,046462,114,1,國+數B=16
1289,046472,114,1,國+數A=13
1290,046482,114,1,國+數A=15
1291,046492,114,1,英+社=11
1292,046502,114,1,國+社=13
1293,046512,114,1,國+英+自=24
1294,046522,114,1,國+英+自=17
1295,046532,114,1,國+英=14
1296,046542,114,1,國+自=17
1297,047012,114,1,國+英=16
1298,047022,114,0,國=10
1299,047032,114,1,英+社=16
1300,047042,114,1,英+社=15
1301,047052,114,1,國=11
1302,047062,114,1,國=9
1303,047072,114,1,國+社=21
1304,047082,114,1,國=9
1305,047092,114,1,國=11
1306,047102,114,1,國=11
1307,047112,114,1,國=10
1308,047122,114,1,數B=5
1309,047132,114,1,數B=6
1310,047142,114,0,數B=3
1311,047152,114,1,數B+社=17
1312,047182,114,1,社=10
1313,047192,114,1,社=10
1314,050012,114,1,國+自=18
1315,050022,114,1,國+自=16
1316,050042,114,1,國=10
1317,050052,114,1,國+社=19
1318,050062,114,1,社=11
1319,050072,114,1,國=10
1320,050082,114,1,社=8
1321,050092,114,1,國+英=16
1322,050102,114,1,國+英=13
1323,050112,114,1,社=12
1324,050122,114,1,國+英+社=24
1325,050132,114,1,英=9
1326,050142,114,1,英=8
1327,050152,114,1,國+英=10
1328,050162,114,0,國+英+社=27
1329,050172,114,1,國+英+自=19
1330,050182,114,1,國=10
1331,050192,114,1,國=10
1332,050202,114,1,國+社=18
1333,050212,114,1,國=9
1334,050222,114,1,國=9
1335,050232,114,1,社=10
1336,050242,114,1,國=9
1337,050252,114,1,國+社=20
1338,050262,114,0,國=7
1339,050272,114,0,社=7
1340,050282,114,0,國=7
1341,050302,114,1,國+社=20
1342,050312,114,1,國=9
1343,050322,114,1,英+社=14
1344,050332,114,1,國+英=17
1345,050342,114,0,國+英=14
1346,050352,114,1,國+自=16
1347,050362,114,1,自=7
1348,050372,114,1,國+社=18
1349,050392,114,1,自=7
1350,050412,114,1,國=9
1351,050422,114,1,英=6
1352,050432,114,0,國=7
1353,050442,114,0,英=3
1354,050462,114,1,社=7
1355,050472,114,1,社=9
1356,050482,114,1,國=9
1357,050492,114,1,國=9
1358,050502,114,1,英=5
1359,050512,114,1,社=8
1360,050522,114,0,自=5
1361,050532,114,0,國=5
1362,050542,114,1,自=5
1363,050552,114,1,自=6
1364,050562,114,0,國=7
1365,050572,114,1,自=6
1366,050582,114,1,自=6
1367,050592,114,0,國=5
1368,050602,114,1,國=8
1369,050622,114,1,國=6
1370,050652,114,0,社=3
1371,050672,114,1,國=7
1372,050682,114,1,社=7
1373,050702,114,0,社=10
1374,050712,114,1,社=8
1375,050722,114,1,社=9
1376,050732,114,1,國=7
1377,050762,114,1,國=8
1378,050772,114,1,國=7
1379,050782,114,0,社=3
1380,050792,114,1,國=3
1381,050822,114,1,英=4
1382,051012,114,1,國=7
1383,051022,114,1,社=8
1384,051032,114,0,國=7
1385,051042,114,1,社=8
1386,051062,114,0,國=7
1387,051072,114,1,社=8
1388,051082,114,1,社=8
1389,051092,114,0,國=7
1390,051102,114,0,國=7
1391,051112,114,1,社=7
1392,051122,114,1,國=8
1393,051132,114,0,社=7
1394,051142,114,1,英=5
1395,051152,114,1,國=8
1396,051162,114,1,社=7
1397,051202,114,1,英=4
1398,051232,114,1,國=8
1399,051242,114,1,國=7
1400,051252,114,1,國=10
1401,051262,114,1,國=9
1402,051272,114,1,國=10
1403,051282,114,1,社=8
1404,051292,114,0,國=5
1405,051302,114,1,國=6
1406,051312,114,0,國=7
1407,051332,114,0,社=7
1408,051342,114,0,國=7
1409,051352,114,1,自=6
1410,051362,114,0,社=7
1411,051372,114,0,自=6
1412,051382,114,0,國=7
1413,051402,114,0,社=7
1414,051412,114,0,國=7
1415,051422,114,1,國=8
1416,051432,114,0,國=4
1417,051442,114,1,國=8
1418,051452,114,0,國=7
1419,051462,114,0,社=7
1420,051472,114,1,國=9
1421,051502,114,1,國=9
1422,051512,114,1,社=7
1423,051522,114,1,國=8
1424,051532,114,1,國=8
1425,051542,114,1,國=9
1426,051562,114,0,國=4
1427,051592,114,0,國=4
1428,051602,114,1,社=4
1429,056012,114,1,國+英=24
1430,056022,114,1,國+英+社=38
1431,056032,114,1,國+英=25
1432,056212,114,0,國+英=10
1433,058012,114,1,國=12
1434,058022,114,1,英=11
1435,058032,114,1,國+英=12
1436,058042,114,0,國=9
1437,058052,114,1,社=13
1438,058062,114,0,社=10
1439,058072,114,1,國+英=20
1440,058082,114,1,國+英=19
1441,058092,114,1,英+數B=17
1442,058112,114,1,英+數B=19
1443,058122,114,1,國=10
1444,058132,114,1,英=6
1445,058142,114,0,英=2
1446,058152,114,0,英=8
1447,058162,114,1,國=12
1448,058172,114,1,英+數B+社=29
1449,058182,114,1,國+英=20
1450,058192,114,0,國+數B+社=21
1451,058202,114,1,國+英+數B=25
1452,058212,114,1,數A=8
1453,058232,114,1,數A=7
1454,058242,114,1,自=11
1455,058252,114,1,國+英+自=27
1456,058262,114,1,自=11
1457,058272,114,1,自=9
1458,058282,114,1,自=10
1459,058292,114,0,數A+自=12
1460,058302,114,1,英+自=15
1461,059012,114,1,國=8
1462,059022,114,1,社=9
1463,059032,114,0,國+社=10
1464,059042,114,1,社=9
1465,059052,114,0,國+社=13
1466,059062,114,0,國+社=13
1467,059082,114,0,國=7
1468,059092,114,0,社=5
1469,059102,114,1,國=7
1470,059112,114,1,社=7
1471,059122,114,0,國+英=9
1472,059132,114,1,國+英=9
1473,059142,114,1,國=8
1474,059152,114,0,國=9
1475,059182,114,1,國+社=17
1476,059192,114,0,國=7
1477,059202,114,1,英=3
1478,059212,114,0,社=7
1479,059222,114,0,國+社=8
1480,059232,114,0,國=7
1481,059242,114,0,國+社=12
1482,059252,114,1,社=8
1483,059272,114,0,國=7
1484,059282,114,1,社=9
1485,059292,114,1,國+社=15
1486,059302,114,0,社=7
1487,059312,114,0,國=7
1488,059322,114,0,國=7
1489,059332,114,1,國=7
1490,059342,114,1,社=8
1491,059372,114,1,國=7
1492,059382,114,1,國+社=16
1493,059392,114,1,國+自=15
1494,059402,114,1,國=9
1495,059422,114,1,國=8
1496,059432,114,1,自=7
1497,059442,114,0,國+自=7
1498,059452,114,1,國+英=10
1499,059462,114,1,自=7
1500,059472,114,1,社=7
1501,059482,114,0,國=7
1502,059492,114,0,國=7
1503,059502,114,0,自=5
1504,059512,114,0,社=7
1505,060012,114,1,國+英=14
1506,060032,114,1,國+英+社=25
1507,060042,114,0,國+英=18
1508,060052,114,1,國+英+自=27
1509,060062,114,1,國+英+數B+社=35
1510,060072,114,0,國+英=4
1511,063012,114,1,社=12
1512,063022,114,0,國=9
1513,065012,114,0,國=7
1514,065022,114,1,國=8
1515,065032,114,1,國=7
1516,065042,114,0,國=7
1517,065052,114,1,國=7
1518,065062,114,0,國=7
1519,065072,114,1,國=3
1520,065082,114,0,國=2
1521,079022,114,0,國=7
1522,079032,114,0,國+社=12
1523,079042,114,0,國+社=10
1524,079052,114,1,國+英=12
1525,079072,114,1,英=2
1526,079082,114,0,社=7
1527,079112,114,0,社=5
1528,079122,114,1,國=7
1529,079132,114,1,國=7
1530,079152,114,1,國=7
1531,079172,114,1,社=7
1532,079182,114,1,社=9
1533,079192,114,1,社=8
1534,079202,114,1,社=8
1535,079222,114,1,國=7
1536,079232,114,0,國=9
1537,079242,114,0,國=7
1538,079252,114,0,國=7
1539,099012,114,1,國+英+數B+社=49
1540,099022,114,0,國+英+數B+社=46
1541,099032,114,1,國+英+數B+社=51
1542,099042,114,0,國+英+數B+社=47
1543,099052,114,1,國+英+數B+社=52
1544,099062,114,0,國+英+數B+社=44
1545,099072,114,1,國+英+數A+社=47
1546,099082,114,0,國+英+數A=26
1547,099092,114,1,國+英+數A+社=49
1548,099102,114,1,國+英+數A+社=41
1549,099112,114,1,國+英+數A+社=43
1550,099122,114,0,國+英+數A+社=40
1551,099132,114,1,國+英+數A=34
1552,099142,114,0,國+英+數A=0
1553,099152,114,1,英=12
1554,099162,114,0,英=8
1555,099172,114,1,社=13
1556,099182,114,1,社=12
1557,099192,114,1,國+英+數A+社=42
1558,099202,114,0,國+英+數A+社=42
1559,099212,114,1,國+英+數A=32
1560,099222,114,0,英+數B+社=36
1561,099232,114,0,英=10
1562,099242,114,1,英=12
1563,099252,114,0,英=9
1564,099262,114,1,社=14
1565,099272,114,0,社=11
1566,099282,114,1,國+英=23
1567,099292,114,0,國+英+數B=27
1568,099302,114,1,國+英+社=37
1569,099312,114,0,國=12
1570,099322,114,1,國+英+數B+社=42
1571,099332,114,1,英=11
1572,099342,114,1,國+社=27
1573,099352,114,0,社=13
1574,099362,114,1,英+自=23
1575,099382,114,1,英+數A=19
1576,099392,114,1,英+自=24
1577,099402,114,0,自=9
1578,099412,114,1,英+數A+自=37
1579,099422,114,0,英+數A+自=30
1580,100012,114,1,國=12
1581,100042,114,1,國=13
1582,100052,114,0,國=12
1583,100062,114,1,社=12
1584,100072,114,1,國+英=19
1585,100082,114,1,國=13
1586,100092,114,1,國+社=20
1587,100102,114,1,英=11
1588,100112,114,1,英=12
1589,100122,114,1,英=10
1590,100132,114,1,國=9
1591,100142,114,0,國+英+數B=23
1592,100152,114,1,數B=9
1593,100162,114,1,國=9
1594,100172,114,0,英=10
1595,100192,114,1,英+數B=21
1596,100212,114,1,自=10
1597,100222,114,1,自=9
1598,100232,114,1,自=9
1599,100242,114,0,自=10
1600,100252,114,1,英+數A+自=29
1601,100262,114,1,國+英=13
1602,100272,114,1,國+英+社+自=35
1603,100282,114,1,自=10
1604,100292,114,1,數A=10
1605,100302,114,1,自=13
1606,100312,114,1,數A=9
1607,100322,114,1,國+英+數A=31
1608,100342,114,1,自=11
1609,100362,114,1,自=11
1610,100372,114,1,英+數A+自=32
1611,100382,114,1,數A+自=21
1612,100392,114,1,自=10
1613,100402,114,1,自=9
1614,100412,114,1,自=10
1615,100422,114,1,國=11
1616,100432,114,1,國+自=23
1617,100442,114,1,國+英+數A+自=50
1618,101012,114,1,英=12
1619,101022,114,1,國+英=18
1620,101032,114,1,社=11
1621,101042,114,1,社=12
1622,101052,114,0,國=10
1623,101062,114,1,國+英+社=38
1624,101072,114,1,國+英+社=32
1625,101082,114,1,英+數B=20
1626,101092,114,1,英=10
1627,101102,114,1,國+英+數B=32
1628,101112,114,1,國+英+數A=28
1629,101122,114,1,國+英=24
1630,101142,114,1,英+數B=22
1631,101152,114,1,數A=10
1632,101162,114,1,數A+自=22
1633,101172,114,1,自=12
1634,101182,114,1,自=11
1635,101192,114,1,英+數A+自=34
1636,101212,114,1,國+數A+自=32
1637,101222,114,1,國+數A+自=29
1638,101232,114,1,英+數A+自=34
1639,101242,114,1,英=11
1640,101252,114,0,英=10
1641,101262,114,1,國=10
1642,101272,114,1,國+英+社=24
1643,108012,114,1,國+英=28
1644,108022,114,1,國+英=27
1645,108032,114,1,國+英+數A+自=51
1646,108042,114,0,自=7
1647,108052,114,1,英=11
1648,108062,114,1,英=3
1649,108072,114,1,自=7
1650,108082,114,1,英=7
1651,108092,114,0,英=3
1652,108102,114,0,自=5
1653,108112,114,0,自=7
1654,108122,114,1,國=8
1655,108132,114,0,國=7
1656,108142,114,1,國=7
1657,108152,114,1,國=7
1658,108162,114,1,英=3
1659,108172,114,0,國=7
1660,108182,114,0,國=7
1661,108192,114,0,國=7
1662,109012,114,1,國+英+數A+自=57
1663,109022,114,1,英=15
1664,109032,114,1,自=14
1665,109042,114,1,數A+自=17
1666,109052,114,1,英=15
1667,109062,114,1,國+自=24
1668,109072,114,1,英=12
1669,109082,114,1,國+英=25
1670,109092,114,0,英=13
1671,109102,114,1,數B+社=21
1672,109112,114,1,英+自=22
1673,109122,114,1,英=10
1674,109132,114,1,自=11
1675,109142,114,1,國=12
1676,109152,114,1,自=13
1677,109162,114,1,英+自=18
1678,109172,114,0,國+英+數A+自=46
1679,109182,114,0,國+英+數A+自=52
1680,109192,114,0,英+數A+自=27
1681,109202,114,1,國=8
1682,109212,114,0,自=8
1683,110012,114,1,社=8
1684,110032,114,1,國=7
1685,110042,114,0,英=4
1686,110052,114,1,社=7
1687,110062,114,1,英=4
1688,110072,114,1,國=7
1689,110082,114,1,社=8
1690,110092,114,1,社=7
1691,110102,114,1,社=8
1692,110112,114,1,社=8
1693,110122,114,1,社=8
1694,110132,114,0,英=4
1695,110152,114,1,英=5
1696,110172,114,1,英=4
1697,110182,114,1,英=4
1698,110192,114,0,國=7
1699,112012,114,1,國=7
1700,112022,114,0,國=7
1701,113012,114,1,國=9
1702,113022,114,1,國=10
1703,113032,114,0,國=10
1704,113042,114,0,國=10
1705,113052,114,0,國=5
1706,113062,114,0,國=9
1707,130012,114,0,社=7
1708,130022,114,0,自=5
1709,130032,114,0,國+社=12
1710,130042,114,0,社=7
1711,130052,114,0,國=7
1712,130062,114,0,國+英+自=13
1713,130072,114,0,國+社=11
1714,130082,114,0,國+自=7
1715,130102,114,0,國=7
1716,130112,114,1,國+英=9
1717,130122,114,1,英=3
1718,130132,114,1,社=7
1719,130142,114,0,國=7
1720,130152,114,0,國+社=12
1721,130162,114,1,國+英=12
1722,130182,114,0,國=7
1723,130192,114,0,社=7
1724,130202,114,0,社=7
1725,130212,114,0,國=2
1726,130222,114,0,國=2
1727,134012,114,1,國=9
1728,134022,114,1,國+英=15
1729,134032,114,1,國=9
1730,134042,114,1,國=7
1731,134052,114,1,國+英+自=30
1732,134062,114,1,國+英+自=28
1733,134072,114,1,英+自=15
1734,134082,114,1,國+英=20
1735,134092,114,1,英+社=17
1736,134102,114,1,國+英=17
1737,134112,114,1,國=9
1738,134122,114,1,英=10
1739,134132,114,1,國=12
1740,134142,114,1,英=8
1741,134152,114,1,自=8
1742,134162,114,1,國=10
1743,134172,114,1,國=10
1744,134182,114,1,國=6
1745,134192,114,1,國=5
1746,134202,114,0,國=10
1747,134212,114,1,數A=6
1748,134222,114,1,數A=4
1749,134232,114,0,國+社=14
1750,134252,114,1,國=9
1751,134282,114,1,社=10
1752,134292,114,1,國=10
1753,134302,114,1,國=8
1754,134312,114,1,國=9
1755,134322,114,1,國+社=19
1756,134332,114,1,國+英=12
1757,134342,114,1,國+社=16
1758,134362,114,1,國=10
1759,134372,114,1,國=9
1760,134382,114,1,國=10
1761,150012,114,1,國+英+社=26
1762,150022,114,1,國+數B+社=25
1763,150032,114,1,國+英+社=24
1764,150042,114,1,自=9
1765,150052,114,1,自=6
1766,150062,114,1,自=10
1767,150072,114,1,自=8
1768,150082,114,1,國=11
1769,150092,114,1,自=9
1770,150102,114,1,自=10
1771,150112,114,1,國+英=12
1772,150122,114,1,國=9
1773,150132,114,1,自=9
1774,150142,114,1,數A=7
1775,150162,114,1,英=10
1776,151012,114,1,國+數A=17
1777,151022,114,1,數A=7
1778,151032,114,1,數A=7
1779,151042,114,1,自=10
1780,151052,114,1,數A+自=15
1781,151062,114,1,自=8
1782,151072,114,0,國=8
1783,151082,114,1,國=11
1784,151092,114,1,數A=8
1785,151112,114,1,國+數A=17
1786,151122,114,1,數A+自=15
1787,151152,114,1,國+英+數A=23
1788,151162,114,1,英+數B=11
1789,151172,114,0,國+英+數B=14
1790,151192,114,1,國+英+數B+社=35
1791,151202,114,1,國=9
1792,151212,114,1,國=10
1793,152012,114,1,英+數A+社+自=57
1794,152022,114,1,英=8
1795,152032,114,1,國+英+數A+自=40
1796,152042,114,1,英+自=22
1797,152052,114,1,自=10
1798,152062,114,1,自=11
1799,152072,114,1,英+數A+社+自=54
1800,152082,114,1,自=7
1801,152092,114,0,國+英+數A+自=33
1802,152102,114,0,自=8
1803,152112,114,0,自=9
1804,153012,114,1,英=7
1805,153022,114,0,國=9
1806,153042,114,1,國+英+社=25
1807,153052,114,1,國=11
1808,153072,114,1,自=8
1809,153092,114,1,國+自=18
1810,153102,114,0,國=9
1811,153122,114,1,國=9
1812,153152,114,0,國+英=13
1813,153162,114,1,國=9
1814,153172,114,1,國=8
1815,153182,114,1,國=9
1816,153202,114,1,國=9
1817,153212,114,1,國=9
