combo_id,subject_id,require_score,remark
0,4,13,社=13
1,1,12,英=12
2,0,15,國=15
3,1,15,英=15
4,0,13,國=13
5,1,13,英=13
6,4,14,社=14
7,0,13,國=13
8,1,14,英=14
9,1,14,英=14
10,44,53,國+英+數B+社=53
11,23,40,國+英+社=40
12,0,14,國=14
13,1,14,英=14
14,23,41,國+英+社=41
15,4,14,社=14
16,6,27,國+英=27
17,5,13,自=13
18,2,14,數A=14
19,5,14,自=14
20,2,15,數A=15
21,2,11,數A=11
22,5,14,自=14
23,1,14,英=14
24,43,47,國+英+數A+自=47
25,2,10,數A=10
26,5,13,自=13
27,33,41,英+數A+自=41
28,32,33,英+數A+社=33
29,4,13,社=13
30,2,9,數A=9
31,1,13,英=13
32,43,43,國+英+數A+自=43
33,17,25,數A+自=25
34,9,28,國+社=28
35,1,14,英=14
36,9,29,國+社=29
37,1,15,英=15
38,9,28,國+社=28
39,1,14,英=14
40,20,26,社+自=26
41,2,12,數A=12
42,1,13,英=13
43,2,13,數A=13
44,4,12,社=12
45,2,12,數A=12
46,3,10,數B=10
47,23,42,國+英+社=42
48,28,38,國+數B+社=38
49,1,13,英=13
50,0,14,國=14
51,43,58,國+英+數A+自=58
52,33,44,英+數A+自=44
53,0,14,國=14
54,43,55,國+英+數A+自=55
55,33,41,英+數A+自=41
56,43,59,國+英+數A+自=59
57,33,45,英+數A+自=45
58,17,28,數A+自=28
59,6,27,國+英=27
60,5,14,自=14
61,1,12,英=12
62,5,13,自=13
63,33,41,英+數A+自=41
64,1,13,英=13
65,0,14,國=14
66,17,24,數A+自=24
67,43,51,國+英+數A+自=51
68,33,41,英+數A+自=41
69,1,13,英=13
70,17,27,數A+自=27
71,33,23,英+數A+自=23
72,5,12,自=12
73,2,13,數A=13
74,1,12,英=12
75,2,13,數A=13
76,5,15,自=15
77,33,41,英+數A+自=41
78,0,14,國=14
79,43,16,國+英+數A+自=16
80,5,12,自=12
81,11,23,英+數A=23
82,1,8,英=8
83,2,10,數A=10
84,5,13,自=13
85,43,40,國+英+數A+自=40
86,2,8,數A=8
87,5,14,自=14
88,5,14,自=14
89,21,33,國+英+數A=33
90,5,14,自=14
91,1,14,英=14
92,2,10,數A=10
93,1,13,英=13
94,5,13,自=13
95,43,53,國+英+數A+自=53
96,1,14,英=14
97,7,25,國+數A=25
98,5,14,自=14
99,42,44,國+英+數A+社=44
100,33,25,英+數A+自=25
101,1,13,英=13
102,17,26,數A+自=26
103,33,32,英+數A+自=32
104,5,13,自=13
105,1,14,英=14
106,5,13,自=13
107,42,52,國+英+數A+社=52
108,2,11,數A=11
109,43,52,國+英+數A+自=52
110,11,26,英+數A=26
111,21,38,國+英+數A=38
112,11,26,英+數A=26
113,21,40,國+英+數A=40
114,2,13,數A=13
115,1,14,英=14
116,42,51,國+英+數A+社=51
117,1,15,英=15
118,43,53,國+英+數A+自=53
119,11,28,英+數A=28
120,33,38,英+數A+自=38
121,33,44,英+數A+自=44
122,14,26,英+自=26
123,2,15,數A=15
124,6,30,國+英=30
125,6,30,國+英=30
126,6,30,國+英=30
127,43,49,國+英+數A+自=49
128,14,27,英+自=27
129,2,6,數A=6
130,1,13,英=13
131,5,14,自=14
132,0,13,國=13
133,1,13,英=13
134,44,43,國+英+數B+社=43
135,23,35,國+英+社=35
136,32,34,英+數A+社=34
137,43,41,國+英+數A+自=41
138,33,31,英+數A+自=31
139,43,45,國+英+數A+自=45
140,33,32,英+數A+自=32
141,43,45,國+英+數A+自=45
142,33,33,英+數A+自=33
143,42,44,國+英+數A+社=44
144,11,20,英+數A=20
145,43,38,國+英+數A+自=38
146,33,30,英+數A+自=30
147,0,13,國=13
148,43,56,國+英+數A+自=56
149,33,42,英+數A+自=42
150,44,51,國+英+數B+社=51
151,44,54,國+英+數B+社=54
152,12,21,英+數B=21
153,9,26,國+社=26
154,6,25,國+英=25
155,44,47,國+英+數B+社=47
156,44,46,國+英+數B+社=46
157,3,10,數B=10
158,1,11,英=11
159,44,47,國+英+數B+社=47
160,4,14,社=14
161,6,25,國+英=25
162,1,12,英=12
163,0,13,國=13
164,6,19,國+英=19
165,1,9,英=9
166,0,10,國=10
167,0,12,國=12
168,2,10,數A=10
169,6,21,國+英=21
170,1,13,英=13
171,23,37,國+英+社=37
172,0,14,國=14
173,1,14,英=14
174,23,36,國+英+社=36
175,0,12,國=12
176,1,11,英=11
177,4,14,社=14
178,4,11,社=11
179,1,8,英=8
180,3,8,數B=8
181,0,13,國=13
182,1,10,英=10
183,4,13,社=13
184,33,31,英+數A+自=31
185,2,12,數A=12
186,5,13,自=13
187,2,11,數A=11
188,5,10,自=10
189,2,8,數A=8
190,1,12,英=12
191,2,9,數A=9
192,5,13,自=13
193,43,42,國+英+數A+自=42
194,5,14,自=14
195,2,8,數A=8
196,5,13,自=13
197,1,11,英=11
198,2,12,數A=12
199,43,42,國+英+數A+自=42
200,5,13,自=13
201,5,12,自=12
202,2,7,數A=7
203,1,10,英=10
204,2,8,數A=8
205,0,12,國=12
206,1,12,英=12
207,14,25,英+自=25
208,2,10,數A=10
209,43,49,國+英+數A+自=49
210,14,25,英+自=25
211,2,12,數A=12
212,11,22,英+數A=22
213,5,13,自=13
214,0,13,國=13
215,1,13,英=13
216,1,12,英=12
217,0,12,國=12
218,3,8,數B=8
219,0,13,國=13
220,1,14,英=14
221,22,36,國+英+數B=36
222,0,9,國=9
223,2,8,數A=8
224,5,10,自=10
225,2,8,數A=8
226,5,12,自=12
227,0,10,國=10
228,1,10,英=10
229,0,11,國=11
230,1,10,英=10
231,0,13,國=13
232,0,11,國=11
233,1,14,英=14
234,6,21,國+英=21
235,4,14,社=14
236,4,10,社=10
237,1,8,英=8
238,0,12,國=12
239,42,45,國+英+數A+社=45
240,2,8,數A=8
241,1,14,英=14
242,1,11,英=11
243,3,10,數B=10
244,9,25,國+社=25
245,24,34,國+英+自=34
246,2,12,數A=12
247,42,43,國+英+數A+社=43
248,4,13,社=13
249,1,12,英=12
250,1,12,英=12
251,0,13,國=13
252,21,31,國+英+數A=31
253,2,9,數A=9
254,1,12,英=12
255,1,13,英=13
256,0,13,國=13
257,4,14,社=14
258,1,10,英=10
259,2,11,數A=11
260,5,13,自=13
261,2,10,數A=10
262,1,12,英=12
263,2,10,數A=10
264,1,13,英=13
265,2,11,數A=11
266,5,10,自=10
267,1,11,英=11
268,2,6,數A=6
269,5,10,自=10
270,1,11,英=11
271,2,8,數A=8
272,33,31,英+數A+自=31
273,1,10,英=10
274,1,11,英=11
275,17,24,數A+自=24
276,17,21,數A+自=21
277,33,34,英+數A+自=34
278,1,10,英=10
279,17,23,數A+自=23
280,1,13,英=13
281,5,12,自=12
282,2,10,數A=10
283,1,14,英=14
284,17,24,數A+自=24
285,5,11,自=11
286,11,20,英+數A=20
287,33,40,英+數A+自=40
288,33,37,英+數A+自=37
289,14,25,英+自=25
290,2,13,數A=13
291,1,12,英=12
292,17,26,數A+自=26
293,14,18,英+自=18
294,2,11,數A=11
295,1,10,英=10
296,5,11,自=11
297,2,8,數A=8
298,43,44,國+英+數A+自=44
299,0,11,國=11
300,14,24,英+自=24
301,24,28,國+英+自=28
302,0,11,國=11
303,5,12,自=12
304,1,8,英=8
305,5,12,自=12
306,5,12,自=12
307,5,11,自=11
308,1,8,英=8
309,5,10,自=10
310,43,45,國+英+數A+自=45
311,0,11,國=11
312,14,21,英+自=21
313,21,32,國+英+數A=32
314,5,12,自=12
315,1,10,英=10
316,5,12,自=12
317,1,10,英=10
318,5,12,自=12
319,24,37,國+英+自=37
320,0,12,國=12
321,1,10,英=10
322,6,23,國+英=23
323,1,11,英=11
324,5,9,自=9
325,1,8,英=8
326,5,13,自=13
327,1,12,英=12
328,33,39,英+數A+自=39
329,6,21,國+英=21
330,23,30,國+英+社=30
331,33,25,英+數A+自=25
332,33,30,英+數A+自=30
333,14,19,英+自=19
334,33,23,英+數A+自=23
335,13,22,英+社=22
336,0,14,國=14
337,23,39,國+英+社=39
338,4,13,社=13
339,0,13,國=13
340,1,14,英=14
341,0,12,國=12
342,1,12,英=12
343,4,14,社=14
344,4,12,社=12
345,1,11,英=11
346,0,13,國=13
347,14,20,英+自=20
348,33,34,英+數A+自=34
349,2,13,數A=13
350,1,13,英=13
351,17,25,數A+自=25
352,5,14,自=14
353,5,9,自=9
354,2,10,數A=10
355,43,43,國+英+數A+自=43
356,17,28,數A+自=28
357,33,36,英+數A+自=36
358,43,50,國+英+數A+自=50
359,33,38,英+數A+自=38
360,43,51,國+英+數A+自=51
361,33,39,英+數A+自=39
362,33,40,英+數A+自=40
363,0,11,國=11
364,1,11,英=11
365,5,12,自=12
366,2,10,數A=10
367,43,48,國+英+數A+自=48
368,6,23,國+英=23
369,17,23,數A+自=23
370,43,49,國+英+數A+自=49
371,1,8,英=8
372,0,11,國=11
373,5,12,自=12
374,2,11,數A=11
375,43,43,國+英+數A+自=43
376,2,12,數A=12
377,5,14,自=14
378,2,10,數A=10
379,5,13,自=13
380,24,38,國+英+自=38
381,1,11,英=11
382,17,25,數A+自=25
383,43,52,國+英+數A+自=52
384,1,11,英=11
385,17,22,數A+自=22
386,43,49,國+英+數A+自=49
387,43,47,國+英+數A+自=47
388,33,36,英+數A+自=36
389,43,48,國+英+數A+自=48
390,33,39,英+數A+自=39
391,1,12,英=12
392,2,11,數A=11
393,21,38,國+英+數A=38
394,10,22,國+自=22
395,2,10,數A=10
396,1,13,英=13
397,1,12,英=12
398,2,12,數A=12
399,44,45,國+英+數B+社=45
400,3,12,數B=12
401,1,13,英=13
402,12,27,英+數B=27
403,0,13,國=13
404,1,13,英=13
405,17,28,數A+自=28
406,43,58,國+英+數A+自=58
407,0,14,國=14
408,1,13,英=13
409,17,27,數A+自=27
410,43,55,國+英+數A+自=55
411,6,30,國+英=30
412,17,28,數A+自=28
413,43,59,國+英+數A+自=59
414,43,46,國+英+數A+自=46
415,1,14,英=14
416,5,13,自=13
417,0,13,國=13
418,5,11,自=11
419,1,13,英=13
420,1,14,英=14
421,43,52,國+英+數A+自=52
422,43,49,國+英+數A+自=49
423,5,13,自=13
424,1,14,英=14
425,5,15,自=15
426,43,55,國+英+數A+自=55
427,0,14,國=14
428,4,12,社=12
429,0,13,國=13
430,1,13,英=13
431,0,13,國=13
432,1,13,英=13
433,2,10,數A=10
434,1,14,英=14
435,0,13,國=13
436,4,14,社=14
437,33,39,英+數A+自=39
438,33,42,英+數A+自=42
439,33,42,英+數A+自=42
440,33,42,英+數A+自=42
441,11,27,英+數A=27
442,33,40,英+數A+自=40
443,43,50,國+英+數A+自=50
444,6,23,國+英=23
445,2,11,數A=11
446,43,49,國+英+數A+自=49
447,1,12,英=12
448,2,9,數A=9
449,5,13,自=13
450,0,13,國=13
451,1,12,英=12
452,5,13,自=13
453,4,10,社=10
454,0,11,國=11
455,0,10,國=10
456,4,13,社=13
457,0,10,國=10
458,1,7,英=7
459,23,33,國+英+社=33
460,4,13,社=13
461,0,5,國=5
462,1,3,英=3
463,23,29,國+英+社=29
464,6,22,國+英=22
465,23,32,國+英+社=32
466,0,9,國=9
467,1,10,英=10
468,2,8,數A=8
469,11,10,英+數A=10
470,2,7,數A=7
471,5,11,自=11
472,1,9,英=9
473,21,30,國+英+數A=30
474,4,10,社=10
475,0,12,國=12
476,1,12,英=12
477,1,7,英=7
478,3,9,數B=9
479,22,31,國+英+數B=31
480,22,28,國+英+數B=28
481,1,8,英=8
482,0,11,國=11
483,0,6,國=6
484,1,8,英=8
485,12,17,英+數B=17
486,4,12,社=12
487,1,11,英=11
488,0,14,國=14
489,0,12,國=12
490,1,11,英=11
491,4,14,社=14
492,44,46,國+英+數B+社=46
493,0,13,國=13
494,1,12,英=12
495,44,50,國+英+數B+社=50
496,1,13,英=13
497,13,25,英+社=25
498,1,13,英=13
499,4,15,社=15
500,1,9,英=9
501,0,12,國=12
502,13,27,英+社=27
503,21,32,國+英+數A=32
504,0,13,國=13
505,1,13,英=13
506,2,10,數A=10
507,4,13,社=13
508,0,13,國=13
509,1,13,英=13
510,0,12,國=12
511,11,20,英+數A=20
512,42,47,國+英+數A+社=47
513,6,24,國+英=24
514,2,9,數A=9
515,42,48,國+英+數A+社=48
516,0,12,國=12
517,11,20,英+數A=20
518,43,44,國+英+數A+自=44
519,16,23,數A+社=23
520,1,13,英=13
521,44,40,國+英+數B+社=40
522,6,23,國+英=23
523,4,12,社=12
524,23,43,國+英+社=43
525,42,43,國+英+數A+社=43
526,0,12,國=12
527,1,14,英=14
528,2,9,數A=9
529,21,39,國+英+數A=39
530,11,26,英+數A=26
531,42,44,國+英+數A+社=44
532,11,24,英+數A=24
533,2,9,數A=9
534,1,11,英=11
535,42,49,國+英+數A+社=49
536,2,9,數A=9
537,1,11,英=11
538,43,48,國+英+數A+自=48
539,9,27,國+社=27
540,11,23,英+數A=23
541,0,13,國=13
542,1,13,英=13
543,2,10,數A=10
544,21,38,國+英+數A=38
545,11,26,英+數A=26
546,0,14,國=14
547,42,51,國+英+數A+社=51
548,21,38,國+英+數A=38
549,6,26,國+英=26
550,44,51,國+英+數B+社=51
551,11,23,英+數A=23
552,43,47,國+英+數A+自=47
553,44,31,國+英+數B+社=31
554,1,14,英=14
555,4,10,社=10
556,0,12,國=12
557,1,13,英=13
558,4,12,社=12
559,0,12,國=12
560,1,12,英=12
561,0,14,國=14
562,4,12,社=12
563,1,13,英=13
564,13,23,英+社=23
565,0,13,國=13
566,4,13,社=13
567,0,12,國=12
568,1,12,英=12
569,4,12,社=12
570,0,12,國=12
571,1,13,英=13
572,4,13,社=13
573,0,13,國=13
574,1,14,英=14
575,4,13,社=13
576,0,13,國=13
577,1,14,英=14
578,4,11,社=11
579,6,23,國+英=23
580,4,10,社=10
581,6,23,國+英=23
582,4,12,社=12
583,6,25,國+英=25
584,0,14,國=14
585,13,28,英+社=28
586,44,54,國+英+數B+社=54
587,2,11,數A=11
588,17,25,數A+自=25
589,0,14,國=14
590,1,13,英=13
591,2,10,數A=10
592,2,11,數A=11
593,43,50,國+英+數A+自=50
594,43,35,國+英+數A+自=35
595,2,9,數A=9
596,18,24,數B+社=24
597,23,30,國+英+社=30
598,0,12,國=12
599,2,11,數A=11
600,14,30,英+自=30
601,14,22,英+自=22
602,0,10,國=10
603,1,9,英=9
604,5,12,自=12
605,21,42,國+英+數A=42
606,5,15,自=15
607,5,9,自=9
608,0,10,國=10
609,1,9,英=9
610,1,13,英=13
611,5,14,自=14
612,43,38,國+英+數A+自=38
613,5,8,自=8
614,1,9,英=9
615,1,8,英=8
616,2,8,數A=8
617,14,26,英+自=26
618,5,10,自=10
619,2,9,數A=9
620,1,11,英=11
621,6,26,國+英=26
622,2,10,數A=10
623,1,11,英=11
624,5,13,自=13
625,6,22,國+英=22
626,1,10,英=10
627,5,11,自=11
628,1,11,英=11
629,5,11,自=11
630,1,8,英=8
631,5,11,自=11
632,14,22,英+自=22
633,1,13,英=13
634,0,10,國=10
635,1,8,英=8
636,6,26,國+英=26
637,2,11,數A=11
638,5,14,自=14
639,1,14,英=14
640,2,11,數A=11
641,5,14,自=14
642,1,12,英=12
643,2,10,數A=10
644,5,13,自=13
645,10,23,國+自=23
646,0,10,國=10
647,1,9,英=9
648,0,10,國=10
649,5,9,自=9
650,2,8,數A=8
651,5,9,自=9
652,2,8,數A=8
653,5,10,自=10
654,2,9,數A=9
655,11,15,英+數A=15
656,5,11,自=11
657,11,15,英+數A=15
658,5,12,自=12
659,43,34,國+英+數A+自=34
660,2,7,數A=7
661,5,8,自=8
662,1,8,英=8
663,33,27,英+數A+自=27
664,33,29,英+數A+自=29
665,33,31,英+數A+自=31
666,7,18,國+數A=18
667,2,8,數A=8
668,27,29,國+數A+自=29
669,5,11,自=11
670,5,9,自=9
671,24,28,國+英+自=28
672,2,10,數A=10
673,7,18,國+數A=18
674,6,20,國+英=20
675,1,11,英=11
676,1,12,英=12
677,11,21,英+數A=21
678,11,18,英+數A=18
679,11,17,英+數A=17
680,9,18,國+社=18
681,9,21,國+社=21
682,9,22,國+社=22
683,3,5,數B=5
684,9,20,國+社=20
685,1,9,英=9
686,13,16,英+社=16
687,0,12,國=12
688,0,11,國=11
689,4,12,社=12
690,0,10,國=10
691,1,8,英=8
692,0,12,國=12
693,1,9,英=9
694,0,11,國=11
695,1,10,英=10
696,21,30,國+英+數A=30
697,0,11,國=11
698,23,32,國+英+社=32
699,6,21,國+英=21
700,24,30,國+英+自=30
701,0,11,國=11
702,0,11,國=11
703,1,8,英=8
704,1,6,英=6
705,0,11,國=11
706,0,10,國=10
707,1,9,英=9
708,1,5,英=5
709,0,10,國=10
710,0,9,國=9
711,9,22,國+社=22
712,1,11,英=11
713,4,12,社=12
714,1,6,英=6
715,0,11,國=11
716,4,7,社=7
717,0,10,國=10
718,11,14,英+數A=14
719,14,19,英+自=19
720,14,18,英+自=18
721,14,19,英+自=19
722,24,27,國+英+自=27
723,7,16,國+數A=16
724,2,9,數A=9
725,8,16,國+數B=16
726,3,10,數B=10
727,17,19,數A+自=19
728,0,9,國=9
729,2,7,數A=7
730,0,9,國=9
731,1,8,英=8
732,5,8,自=8
733,24,25,國+英+自=25
734,33,27,英+數A+自=27
735,0,12,國=12
736,1,6,英=6
737,0,11,國=11
738,22,27,國+英+數B=27
739,0,10,國=10
740,4,12,社=12
741,22,28,國+英+數B=28
742,2,7,數A=7
743,7,17,國+數A=17
744,3,4,數B=4
745,8,13,國+數B=13
746,0,9,國=9
747,1,8,英=8
748,3,9,數B=9
749,9,20,國+社=20
750,6,18,國+英=18
751,9,24,國+社=24
752,4,7,社=7
753,0,11,國=11
754,9,21,國+社=21
755,24,25,國+英+自=25
756,1,5,英=5
757,5,9,自=9
758,34,23,英+數B+社=23
759,6,17,國+英=17
760,6,24,國+英=24
761,24,31,國+英+自=31
762,23,31,國+英+社=31
763,6,19,國+英=19
764,1,10,英=10
765,0,12,國=12
766,1,9,英=9
767,1,7,英=7
768,6,17,國+英=17
769,4,12,社=12
770,1,11,英=11
771,0,13,國=13
772,3,6,數B=6
773,4,11,社=11
774,1,12,英=12
775,0,14,國=14
776,6,28,國+英=28
777,44,47,國+英+數B+社=47
778,4,12,社=12
779,1,11,英=11
780,0,13,國=13
781,4,12,社=12
782,0,12,國=12
783,1,12,英=12
784,22,38,國+英+數B=38
785,1,14,英=14
786,1,13,英=13
787,23,37,國+英+社=37
788,8,20,國+數B=20
789,1,13,英=13
790,0,13,國=13
791,1,12,英=12
792,0,12,國=12
793,13,24,英+社=24
794,3,10,數B=10
795,21,37,國+英+數A=37
796,21,38,國+英+數A=38
797,21,39,國+英+數A=39
798,17,23,數A+自=23
799,33,37,英+數A+自=37
800,11,25,英+數A=25
801,33,38,英+數A+自=38
802,2,12,數A=12
803,17,27,數A+自=27
804,2,11,數A=11
805,17,26,數A+自=26
806,2,13,數A=13
807,17,26,數A+自=26
808,1,11,英=11
809,5,13,自=13
810,2,12,數A=12
811,1,8,英=8
812,17,27,數A+自=27
813,7,17,國+數A=17
814,14,26,英+自=26
815,43,51,國+英+數A+自=51
816,43,53,國+英+數A+自=53
817,43,52,國+英+數A+自=52
818,33,40,英+數A+自=40
819,33,33,英+數A+自=33
820,43,52,國+英+數A+自=52
821,2,12,數A=12
822,5,14,自=14
823,1,14,英=14
824,10,25,國+自=25
825,11,25,英+數A=25
826,43,54,國+英+數A+自=54
827,14,28,英+自=28
828,2,14,數A=14
829,5,13,自=13
830,11,28,英+數A=28
831,43,55,國+英+數A+自=55
832,24,32,國+英+自=32
833,2,14,數A=14
834,33,41,英+數A+自=41
835,11,25,英+數A=25
836,5,15,自=15
837,1,11,英=11
838,2,11,數A=11
839,1,12,英=12
840,5,13,自=13
841,43,50,國+英+數A+自=50
842,43,51,國+英+數A+自=51
843,11,24,英+數A=24
844,1,14,英=14
845,23,32,國+英+社=32
846,6,23,國+英=23
847,33,29,英+數A+自=29
848,33,34,英+數A+自=34
849,0,12,國=12
850,11,21,英+數A=21
851,0,10,國=10
852,1,13,英=13
853,0,10,國=10
854,1,11,英=11
855,0,12,國=12
856,1,12,英=12
857,9,24,國+社=24
858,17,28,數A+自=28
859,49,57,國+數A+社+自=57
860,9,27,國+社=27
861,17,27,數A+自=27
862,49,56,國+數A+社+自=56
863,0,14,國=14
864,11,27,英+數A=27
865,5,15,自=15
866,0,14,國=14
867,11,27,英+數A=27
868,5,14,自=14
869,5,13,自=13
870,2,12,數A=12
871,24,25,國+英+自=25
872,10,23,國+自=23
873,1,4,英=4
874,5,13,自=13
875,1,4,英=4
876,5,12,自=12
877,1,12,英=12
878,5,13,自=13
879,5,8,自=8
880,1,12,英=12
881,1,4,英=4
882,5,12,自=12
883,0,13,國=13
884,1,4,英=4
885,5,11,自=11
886,1,12,英=12
887,1,4,英=4
888,0,12,國=12
889,5,7,自=7
890,1,13,英=13
891,1,6,英=6
892,5,11,自=11
893,33,45,英+數A+自=45
894,14,28,英+自=28
895,2,14,數A=14
896,2,14,數A=14
897,14,28,英+自=28
898,24,41,國+英+自=41
899,5,14,自=14
900,1,14,英=14
901,17,26,數A+自=26
902,1,14,英=14
903,14,25,英+自=25
904,2,15,數A=15
905,14,26,英+自=26
906,2,14,數A=14
907,14,27,英+自=27
908,2,13,數A=13
909,33,42,英+數A+自=42
910,14,23,英+自=23
911,2,9,數A=9
912,33,41,英+數A+自=41
913,24,43,國+英+自=43
914,14,29,英+自=29
915,33,36,英+數A+自=36
916,43,51,國+英+數A+自=51
917,2,10,數A=10
918,14,25,英+自=25
919,2,10,數A=10
920,1,12,英=12
921,5,12,自=12
922,33,39,英+數A+自=39
923,33,38,英+數A+自=38
924,17,28,數A+自=28
925,33,42,英+數A+自=42
926,33,32,英+數A+自=32
927,43,52,國+英+數A+自=52
928,14,17,英+自=17
929,2,13,數A=13
930,1,13,英=13
931,2,8,數A=8
932,5,13,自=13
933,33,36,英+數A+自=36
934,5,12,自=12
935,2,12,數A=12
936,1,13,英=13
937,2,13,數A=13
938,11,26,英+數A=26
939,21,37,國+英+數A=37
940,43,49,國+英+數A+自=49
941,14,25,英+自=25
942,2,12,數A=12
943,1,14,英=14
944,3,12,數B=12
945,23,41,國+英+社=41
946,0,12,國=12
947,4,13,社=13
948,1,13,英=13
949,17,24,數A+自=24
950,11,23,英+數A=23
951,33,34,英+數A+自=34
952,21,31,國+英+數A=31
953,23,35,國+英+社=35
954,33,42,英+數A+自=42
955,5,14,自=14
956,33,35,英+數A+自=35
957,5,13,自=13
958,33,31,英+數A+自=31
959,5,12,自=12
960,33,32,英+數A+自=32
961,5,12,自=12
962,0,13,國=13
963,43,57,國+英+數A+自=57
964,33,44,英+數A+自=44
965,43,58,國+英+數A+自=58
966,33,44,英+數A+自=44
967,6,29,國+英=29
968,43,58,國+英+數A+自=58
969,17,29,數A+自=29
970,0,14,國=14
971,43,55,國+英+數A+自=55
972,1,14,英=14
973,17,26,數A+自=26
974,0,12,國=12
975,2,13,數A=13
976,1,15,英=15
977,5,15,自=15
978,43,58,國+英+數A+自=58
979,0,13,國=13
980,24,42,國+英+自=42
981,11,25,英+數A=25
982,33,37,英+數A+自=37
983,5,12,自=12
984,1,12,英=12
985,2,11,數A=11
986,5,9,自=9
987,1,13,英=13
988,27,38,國+數A+自=38
989,17,26,數A+自=26
990,33,27,英+數A+自=27
991,5,14,自=14
992,33,35,英+數A+自=35
993,17,24,數A+自=24
994,33,40,英+數A+自=40
995,14,28,英+自=28
996,43,55,國+英+數A+自=55
997,33,37,英+數A+自=37
998,5,14,自=14
999,0,15,國=15
1000,33,42,英+數A+自=42
1001,4,9,社=9
1002,0,11,國=11
1003,0,8,國=8
1004,4,12,社=12
1005,0,9,國=9
1006,1,7,英=7
1007,0,11,國=11
1008,1,6,英=6
1009,0,11,國=11
1010,0,10,國=10
1011,9,19,國+社=19
1012,1,8,英=8
1013,0,10,國=10
1014,1,8,英=8
1015,4,0,社=0
1016,0,8,國=8
1017,1,8,英=8
1018,1,4,英=4
1019,0,9,國=9
1020,0,2,國=2
1021,1,9,英=9
1022,4,8,社=8
1023,1,6,英=6
1024,4,8,社=8
1025,0,11,國=11
1026,3,7,數B=7
1027,1,8,英=8
1028,0,11,國=11
1029,3,0,數B=0
1030,0,0,國=0
1031,1,6,英=6
1032,3,6,數B=6
1033,0,10,國=10
1034,1,8,英=8
1035,0,9,國=9
1036,3,3,數B=3
1037,1,8,英=8
1038,3,6,數B=6
1039,0,9,國=9
1040,0,9,國=9
1041,1,5,英=5
1042,3,7,數B=7
1043,3,6,數B=6
1044,1,6,英=6
1045,0,10,國=10
1046,3,5,數B=5
1047,0,10,國=10
1048,1,7,英=7
1049,0,4,國=4
1050,1,8,英=8
1051,3,5,數B=5
1052,1,5,英=5
1053,0,9,國=9
1054,0,7,國=7
1055,1,6,英=6
1056,3,7,數B=7
1057,22,20,國+英+數B=20
1058,9,23,國+社=23
1059,0,10,國=10
1060,3,5,數B=5
1061,1,4,英=4
1062,0,4,國=4
1063,4,0,社=0
1064,1,10,英=10
1065,1,7,英=7
1066,1,7,英=7
1067,2,8,數A=8
1068,1,6,英=6
1069,5,10,自=10
1070,2,5,數A=5
1071,5,10,自=10
1072,2,4,數A=4
1073,5,9,自=9
1074,1,8,英=8
1075,0,12,國=12
1076,14,13,英+自=13
1077,2,9,數A=9
1078,3,7,數B=7
1079,1,6,英=6
1080,0,10,國=10
1081,5,10,自=10
1082,1,9,英=9
1083,5,10,自=10
1084,1,9,英=9
1085,5,9,自=9
1086,1,8,英=8
1087,5,10,自=10
1088,17,19,數A+自=19
1089,1,4,英=4
1090,5,9,自=9
1091,0,7,國=7
1092,27,23,國+數A+自=23
1093,0,5,國=5
1094,24,25,國+英+自=25
1095,27,28,國+數A+自=28
1096,27,27,國+數A+自=27
1097,21,26,國+英+數A=26
1098,22,26,國+英+數B=26
1099,43,38,國+英+數A+自=38
1100,43,36,國+英+數A+自=36
1101,21,24,國+英+數A=24
1102,21,23,國+英+數A=23
1103,22,25,國+英+數B=25
1104,5,10,自=10
1105,43,39,國+英+數A+自=39
1106,27,26,國+數A+自=26
1107,43,37,國+英+數A+自=37
1108,4,10,社=10
1109,1,7,英=7
1110,44,32,國+英+數B+社=32
1111,22,16,國+英+數B=16
1112,1,8,英=8
1113,4,12,社=12
1114,44,20,國+英+數B+社=20
1115,1,7,英=7
1116,22,24,國+英+數B=24
1117,22,16,國+英+數B=16
1118,3,8,數B=8
1119,3,6,數B=6
1120,4,11,社=11
1121,6,15,國+英=15
1122,23,29,國+英+社=29
1123,6,18,國+英=18
1124,4,0,社=0
1125,0,10,國=10
1126,9,17,國+社=17
1127,1,9,英=9
1128,2,6,數A=6
1129,21,28,國+英+數A=28
1130,43,40,國+英+數A+自=40
1131,43,43,國+英+數A+自=43
1132,21,25,國+英+數A=25
1133,21,28,國+英+數A=28
1134,21,25,國+英+數A=25
1135,43,35,國+英+數A+自=35
1136,7,16,國+數A=16
1137,23,22,國+英+社=22
1138,1,4,英=4
1139,3,4,數B=4
1140,22,22,國+英+數B=22
1141,23,22,國+英+社=22
1142,22,27,國+英+數B=27
1143,22,22,國+英+數B=22
1144,22,24,國+英+數B=24
1145,22,24,國+英+數B=24
1146,0,11,國=11
1147,13,17,英+社=17
1148,21,24,國+英+數A=24
1149,12,12,英+數B=12
1150,1,8,英=8
1151,12,15,英+數B=15
1152,1,9,英=9
1153,1,8,英=8
1154,11,14,英+數A=14
1155,2,6,數A=6
1156,11,14,英+數A=14
1157,2,5,數A=5
1158,12,13,英+數B=13
1159,1,8,英=8
1160,11,14,英+數A=14
1161,2,6,數A=6
1162,11,15,英+數A=15
1163,2,5,數A=5
1164,21,17,國+英+數A=17
1165,2,7,數A=7
1166,1,9,英=9
1167,0,14,國=14
1168,0,10,國=10
1169,1,14,英=14
1170,4,12,社=12
1171,0,12,國=12
1172,1,13,英=13
1173,44,39,國+英+數B+社=39
1174,4,11,社=11
1175,0,12,國=12
1176,1,12,英=12
1177,14,17,英+自=17
1178,2,11,數A=11
1179,14,21,英+自=21
1180,2,12,數A=12
1181,2,11,數A=11
1182,5,13,自=13
1183,33,37,英+數A+自=37
1184,5,14,自=14
1185,1,13,英=13
1186,2,10,數A=10
1187,2,11,數A=11
1188,5,14,自=14
1189,33,34,英+數A+自=34
1190,43,33,國+英+數A+自=33
1191,17,25,數A+自=25
1192,43,36,國+英+數A+自=36
1193,17,25,數A+自=25
1194,2,12,數A=12
1195,20,27,社+自=27
1196,22,33,國+英+數B=33
1197,18,24,數B+社=24
1198,2,9,數A=9
1199,5,13,自=13
1200,1,13,英=13
1201,6,22,國+英=22
1202,3,13,數B=13
1203,6,23,國+英=23
1204,4,10,社=10
1205,13,27,英+社=27
1206,33,40,英+數A+自=40
1207,14,23,英+自=23
1208,2,12,數A=12
1209,33,39,英+數A+自=39
1210,10,25,國+自=25
1211,43,50,國+英+數A+自=50
1212,11,24,英+數A=24
1213,0,12,國=12
1214,33,39,英+數A+自=39
1215,17,22,數A+自=22
1216,33,34,英+數A+自=34
1217,17,23,數A+自=23
1218,33,37,英+數A+自=37
1219,33,32,英+數A+自=32
1220,33,31,英+數A+自=31
1221,17,22,數A+自=22
1222,9,24,國+社=24
1223,9,24,國+社=24
1224,2,8,數A=8
1225,5,14,自=14
1226,1,13,英=13
1227,17,23,數A+自=23
1228,43,47,國+英+數A+自=47
1229,11,22,英+數A=22
1230,44,44,國+英+數B+社=44
1231,12,20,英+數B=20
1232,43,39,國+英+數A+自=39
1233,17,19,數A+自=19
1234,4,4,社=4
1235,0,9,國=9
1236,9,19,國+社=19
1237,0,9,國=9
1238,4,11,社=11
1239,6,14,國+英=14
1240,1,2,英=2
1241,0,8,國=8
1242,1,6,英=6
1243,2,5,數A=5
1244,5,9,自=9
1245,10,16,國+自=16
1246,0,8,國=8
1247,4,10,社=10
1248,0,8,國=8
1249,0,8,國=8
1250,24,20,國+英+自=20
1251,2,6,數A=6
1252,24,20,國+英+自=20
1253,0,7,國=7
1254,0,9,國=9
1255,4,9,社=9
1256,0,10,國=10
1257,0,7,國=7
1258,0,8,國=8
1259,4,10,社=10
1260,0,9,國=9
1261,0,9,國=9
1262,0,10,國=10
1263,0,7,國=7
1264,5,7,自=7
1265,6,13,國+英=13
1266,0,7,國=7
1267,0,8,國=8
1268,1,5,英=5
1269,6,13,國+英=13
1270,4,10,社=10
1271,0,9,國=9
1272,0,9,國=9
1273,0,8,國=8
1274,1,5,英=5
1275,0,9,國=9
1276,3,7,數B=7
1277,4,10,社=10
1278,1,1,英=1
1279,3,4,數B=4
1280,4,4,社=4
1281,0,7,國=7
1282,4,10,社=10
1283,0,10,國=10
1284,0,10,國=10
1285,0,9,國=9
1286,4,8,社=8
1287,0,11,國=11
1288,0,5,國=5
1289,4,7,社=7
1290,23,27,國+英+社=27
1291,10,18,國+自=18
1292,6,9,國+英=9
1293,0,3,國=3
1294,0,3,國=3
1295,1,9,英=9
1296,6,16,國+英=16
1297,9,20,國+社=20
1298,0,7,國=7
1299,4,10,社=10
1300,9,18,國+社=18
1301,9,16,國+社=16
1302,9,21,國+社=21
1303,0,9,國=9
1304,6,16,國+英=16
1305,0,2,國=2
1306,3,6,數B=6
1307,0,7,國=7
1308,5,8,自=8
1309,24,22,國+英+自=22
1310,24,19,國+英+自=19
1311,0,7,國=7
1312,5,0,自=0
1313,0,8,國=8
1314,0,9,國=9
1315,0,10,國=10
1316,6,14,國+英=14
1317,1,4,英=4
1318,0,10,國=10
1319,6,12,國+英=12
1320,6,15,國+英=15
1321,6,7,國+英=7
1322,0,9,國=9
1323,3,3,數B=3
1324,0,6,國=6
1325,0,6,國=6
1326,2,5,數A=5
1327,8,9,國+數B=9
1328,24,23,國+英+自=23
1329,5,8,自=8
1330,24,21,國+英+自=21
1331,2,4,數A=4
1332,1,6,英=6
1333,6,5,國+英=5
1334,9,18,國+社=18
1335,1,5,英=5
1336,6,14,國+英=14
1337,0,12,國=12
1338,0,7,國=7
1339,4,13,社=13
1340,0,9,國=9
1341,4,11,社=11
1342,4,12,社=12
1343,6,21,國+英=21
1344,6,24,國+英=24
1345,23,33,國+英+社=33
1346,4,10,社=10
1347,8,18,國+數B=18
1348,1,9,英=9
1349,22,22,國+英+數B=22
1350,23,31,國+英+社=31
1351,5,7,自=7
1352,1,10,英=10
1353,6,22,國+英=22
1354,17,27,數A+自=27
1355,13,29,英+社=29
1356,17,25,數A+自=25
1357,13,28,英+社=28
1358,21,32,國+英+數A=32
1359,1,11,英=11
1360,5,12,自=12
1361,1,8,英=8
1362,5,11,自=11
1363,2,8,數A=8
1364,2,9,數A=9
1365,14,19,英+自=19
1366,11,18,英+數A=18
1367,5,10,自=10
1368,2,7,數A=7
1369,5,11,自=11
1370,2,4,數A=4
1371,5,10,自=10
1372,33,30,英+數A+自=30
1373,11,15,英+數A=15
1374,11,14,英+數A=14
1375,11,17,英+數A=17
1376,11,14,英+數A=14
1377,0,11,國=11
1378,1,13,英=13
1379,0,9,國=9
1380,1,11,英=11
1381,0,10,國=10
1382,1,11,英=11
1383,1,9,英=9
1384,0,12,國=12
1385,0,9,國=9
1386,1,9,英=9
1387,1,5,英=5
1388,0,11,國=11
1389,0,11,國=11
1390,1,11,英=11
1391,6,16,國+英=16
1392,1,7,英=7
1393,23,27,國+英+社=27
1394,1,9,英=9
1395,1,9,英=9
1396,1,8,英=8
1397,6,19,國+英=19
1398,5,10,自=10
1399,1,6,英=6
1400,5,11,自=11
1401,23,36,國+英+社=36
1402,1,12,英=12
1403,23,36,國+英+社=36
1404,1,12,英=12
1405,3,7,數B=7
1406,12,19,英+數B=19
1407,8,21,國+數B=21
1408,0,11,國=11
1409,3,7,數B=7
1410,12,17,英+數B=17
1411,12,12,英+數B=12
1412,0,11,國=11
1413,12,20,英+數B=20
1414,13,22,英+社=22
1415,4,12,社=12
1416,0,12,國=12
1417,1,8,英=8
1418,3,10,數B=10
1419,9,18,國+社=18
1420,22,33,國+英+數B=33
1421,0,9,國=9
1422,6,16,國+英=16
1423,6,8,國+英=8
1424,1,8,英=8
1425,2,6,數A=6
1426,44,32,國+英+數B+社=32
1427,3,7,數B=7
1428,1,10,英=10
1429,1,10,英=10
1430,2,6,數A=6
1431,1,8,英=8
1432,5,9,自=9
1433,1,8,英=8
1434,2,7,數A=7
1435,3,4,數B=4
1436,4,9,社=9
1437,0,10,國=10
1438,1,8,英=8
1439,3,0,數B=0
1440,4,9,社=9
1441,1,9,英=9
1442,5,9,自=9
1443,1,9,英=9
1444,5,10,自=10
1445,24,20,國+英+自=20
1446,5,12,自=12
1447,1,6,英=6
1448,5,11,自=11
1449,5,0,自=0
1450,1,9,英=9
1451,5,8,自=8
1452,2,7,數A=7
1453,5,11,自=11
1454,2,8,數A=8
1455,17,20,數A+自=20
1456,1,10,英=10
1457,2,7,數A=7
1458,5,11,自=11
1459,2,7,數A=7
1460,17,18,數A+自=18
1461,5,11,自=11
1462,2,7,數A=7
1463,33,34,英+數A+自=34
1464,2,11,數A=11
1465,2,8,數A=8
1466,33,33,英+數A+自=33
1467,2,10,數A=10
1468,1,8,英=8
1469,5,9,自=9
1470,43,35,國+英+數A+自=35
1471,2,9,數A=9
1472,33,32,英+數A+自=32
1473,2,9,數A=9
1474,0,12,國=12
1475,4,10,社=10
1476,0,13,國=13
1477,4,9,社=9
1478,0,11,國=11
1479,1,13,英=13
1480,1,2,英=2
1481,0,11,國=11
1482,4,13,社=13
1483,33,23,英+數A+自=23
1484,33,24,英+數A+自=24
1485,33,33,英+數A+自=33
1486,2,8,數A=8
1487,5,12,自=12
1488,33,27,英+數A+自=27
1489,0,8,國=8
1490,1,10,英=10
1491,3,9,數B=9
1492,0,11,國=11
1493,3,10,數B=10
1494,3,10,數B=10
1495,1,9,英=9
1496,33,26,英+數A+自=26
1497,33,25,英+數A+自=25
1498,23,33,國+英+社=33
1499,24,30,國+英+自=30
1500,43,45,國+英+數A+自=45
1501,33,34,英+數A+自=34
1502,11,19,英+數A=19
1503,44,42,國+英+數B+社=42
1504,0,14,國=14
1505,44,46,國+英+數B+社=46
1506,0,13,國=13
1507,1,6,英=6
1508,0,12,國=12
1509,43,25,國+英+數A+自=25
1510,1,2,英=2
1511,2,10,數A=10
1512,5,12,自=12
1513,2,10,數A=10
1514,5,11,自=11
1515,2,11,數A=11
1516,5,11,自=11
1517,1,11,英=11
1518,33,34,英+數A+自=34
1519,9,20,國+社=20
1520,1,13,英=13
1521,4,11,社=11
1522,0,13,國=13
1523,3,6,數B=6
1524,1,8,英=8
1525,4,13,社=13
1526,2,10,數A=10
1527,5,12,自=12
1528,1,12,英=12
1529,5,11,自=11
1530,2,9,數A=9
1531,11,22,英+數A=22
1532,43,45,國+英+數A+自=45
1533,33,34,英+數A+自=34
1534,33,34,英+數A+自=34
1535,1,10,英=10
1536,0,13,國=13
1537,1,10,英=10
1538,0,12,國=12
1539,22,32,國+英+數B=32
1540,3,11,數B=11
1541,1,12,英=12
1542,21,30,國+英+數A=30
1543,2,9,數A=9
1544,1,11,英=11
1545,23,32,國+英+社=32
1546,1,9,英=9
1547,4,13,社=13
1548,23,35,國+英+社=35
1549,1,10,英=10
1550,4,13,社=13
1551,6,13,國+英=13
1552,0,10,國=10
1553,6,15,國+英=15
1554,3,6,數B=6
1555,1,8,英=8
1556,33,22,英+數A+自=22
1557,5,9,自=9
1558,2,6,數A=6
1559,33,19,英+數A+自=19
1560,5,8,自=8
1561,2,6,數A=6
1562,6,4,國+英=4
1563,17,26,數A+自=26
1564,6,29,國+英=29
1565,0,14,國=14
1566,2,12,數A=12
1567,5,14,自=14
1568,1,15,英=15
1569,24,40,國+英+自=40
1570,0,12,國=12
1571,1,13,英=13
1572,43,47,國+英+數A+自=47
1573,43,43,國+英+數A+自=43
1574,6,18,國+英=18
1575,5,12,自=12
1576,0,11,國=11
1577,1,11,英=11
1578,1,10,英=10
1579,5,11,自=11
1580,6,25,國+英=25
1581,14,23,英+自=23
1582,23,34,國+英+社=34
1583,24,29,國+英+自=29
1584,10,23,國+自=23
1585,27,32,國+數A+自=32
1586,0,11,國=11
1587,24,31,國+英+自=31
1588,1,10,英=10
1589,5,12,自=12
1590,23,31,國+英+社=31
1591,10,23,國+自=23
1592,0,8,國=8
1593,4,12,社=12
1594,9,22,國+社=22
1595,1,8,英=8
1596,2,8,數A=8
1597,23,31,國+英+社=31
1598,0,14,國=14
1599,9,20,國+社=20
1600,1,14,英=14
1601,1,8,英=8
1602,2,8,數A=8
1603,5,13,自=13
1604,11,15,英+數A=15
1605,5,12,自=12
1606,1,11,英=11
1607,27,36,國+數A+自=36
1608,43,47,國+英+數A+自=47
1609,33,36,英+數A+自=36
1610,33,35,英+數A+自=35
1611,43,45,國+英+數A+自=45
1612,2,12,數A=12
1613,43,41,國+英+數A+自=41
1614,1,10,英=10
1615,2,9,數A=9
1616,33,40,英+數A+自=40
1617,33,38,英+數A+自=38
1618,33,31,英+數A+自=31
1619,2,10,數A=10
1620,5,13,自=13
1621,33,32,英+數A+自=32
1622,2,9,數A=9
1623,5,13,自=13
1624,0,10,國=10
1625,5,13,自=13
1626,43,50,國+英+數A+自=50
1627,11,24,英+數A=24
1628,43,44,國+英+數A+自=44
1629,5,10,自=10
1630,2,11,數A=11
1631,5,13,自=13
1632,2,12,數A=12
1633,5,13,自=13
1634,2,9,數A=9
1635,6,24,國+英=24
1636,17,25,數A+自=25
1637,1,13,英=13
1638,17,23,數A+自=23
1639,1,10,英=10
1640,3,12,數B=12
1641,21,36,國+英+數A=36
1642,2,8,數A=8
1643,1,13,英=13
1644,3,6,數B=6
1645,1,13,英=13
1646,5,10,自=10
1647,1,10,英=10
1648,17,15,數A+自=15
1649,5,9,自=9
1650,1,9,英=9
1651,2,8,數A=8
1652,11,19,英+數A=19
1653,2,9,數A=9
1654,4,13,社=13
1655,6,24,國+英=24
1656,14,23,英+自=23
1657,2,8,數A=8
1658,14,22,英+自=22
1659,2,8,數A=8
1660,1,8,英=8
1661,5,11,自=11
1662,23,36,國+英+社=36
1663,22,28,國+英+數B=28
1664,33,25,英+數A+自=25
1665,33,28,英+數A+自=28
1666,33,0,英+數A+自=0
1667,23,31,國+英+社=31
1668,6,21,國+英=21
1669,1,0,英=0
1670,2,0,數A=0
1671,5,0,自=0
1672,1,9,英=9
1673,0,11,國=11
1674,1,9,英=9
1675,0,10,國=10
1676,2,4,數A=4
1677,5,9,自=9
1678,1,4,英=4
1679,43,59,國+英+數A+自=59
1680,11,27,英+數A=27
1681,5,15,自=15
1682,14,20,英+自=20
1683,33,30,英+數A+自=30
1684,14,25,英+自=25
1685,33,34,英+數A+自=34
1686,24,40,國+英+自=40
1687,14,26,英+自=26
1688,33,28,英+數A+自=28
1689,14,22,英+自=22
1690,14,23,英+自=23
1691,33,31,英+數A+自=31
1692,17,22,數A+自=22
1693,33,30,英+數A+自=30
1694,33,30,英+數A+自=30
1695,33,31,英+數A+自=31
1696,33,31,英+數A+自=31
1697,33,31,英+數A+自=31
1698,33,34,英+數A+自=34
1699,2,8,數A=8
1700,33,29,英+數A+自=29
1701,6,21,國+英=21
1702,1,3,英=3
1703,6,20,國+英=20
1704,6,21,國+英=21
1705,6,18,國+英=18
1706,1,9,英=9
1707,0,12,國=12
1708,3,8,數B=8
1709,1,9,英=9
1710,6,22,國+英=22
1711,23,26,國+英+社=26
1712,0,12,國=12
1713,1,4,英=4
1714,0,10,國=10
1715,3,9,數B=9
1716,23,33,國+英+社=33
1717,0,13,國=13
1718,4,14,社=14
1719,0,13,國=13
1720,1,11,英=11
1721,1,8,英=8
1722,0,13,國=13
1723,4,10,社=10
1724,0,11,國=11
1725,23,36,國+英+社=36
1726,2,9,數A=9
1727,43,37,國+英+數A+自=37
1728,21,30,國+英+數A=30
1729,22,14,國+英+數B=14
1730,22,24,國+英+數B=24
1731,0,11,國=11
1732,1,12,英=12
1733,0,5,國=5
1734,4,10,社=10
1735,1,6,英=6
1736,13,20,英+社=20
1737,22,32,國+英+數B=32
1738,0,13,國=13
1739,22,21,國+英+數B=21
1740,0,11,國=11
1741,0,10,國=10
1742,1,11,英=11
1743,3,8,數B=8
1744,6,20,國+英=20
1745,3,6,數B=6
1746,0,12,國=12
1747,1,10,英=10
1748,0,0,國=0
1749,1,0,英=0
1750,22,32,國+英+數B=32
1751,22,21,國+英+數B=21
1752,0,14,國=14
1753,1,11,英=11
1754,3,10,數B=10
1755,0,11,國=11
1756,1,9,英=9
1757,3,5,數B=5
1758,13,24,英+社=24
1759,1,13,英=13
1760,1,13,英=13
1761,44,37,國+英+數B+社=37
1762,1,8,英=8
1763,0,13,國=13
1764,23,33,國+英+社=33
1765,1,9,英=9
1766,0,13,國=13
1767,23,34,國+英+社=34
1768,2,10,數A=10
1769,6,22,國+英=22
1770,2,8,數A=8
1771,1,11,英=11
1772,0,12,國=12
1773,2,9,數A=9
1774,2,6,數A=6
1775,5,11,自=11
1776,17,17,數A+自=17
1777,33,30,英+數A+自=30
1778,22,31,國+英+數B=31
1779,1,10,英=10
1780,3,10,數B=10
1781,1,4,英=4
1782,8,14,國+數B=14
1783,22,29,國+英+數B=29
1784,22,31,國+英+數B=31
1785,22,28,國+英+數B=28
1786,6,18,國+英=18
1787,0,11,國=11
1788,23,28,國+英+社=28
1789,23,24,國+英+社=24
1790,0,12,國=12
1791,1,12,英=12
1792,2,10,數A=10
1793,2,7,數A=7
1794,1,9,英=9
1795,2,9,數A=9
1796,33,33,英+數A+自=33
1797,2,8,數A=8
1798,11,21,英+數A=21
1799,11,21,英+數A=21
1800,0,10,國=10
1801,1,7,英=7
1802,2,8,數A=8
1803,0,11,國=11
1804,5,11,自=11
1805,6,21,國+英=21
1806,44,41,國+英+數B+社=41
1807,22,28,國+英+數B=28
1808,1,11,英=11
1809,6,11,國+英=11
1810,2,7,數A=7
1811,2,6,數A=6
1812,5,10,自=10
1813,5,9,自=9
1814,2,2,數A=2
1815,5,10,自=10
1816,14,15,英+自=15
1817,1,5,英=5
1818,2,6,數A=6
1819,1,4,英=4
1820,2,7,數A=7
1821,2,6,數A=6
1822,1,8,英=8
1823,2,6,數A=6
1824,1,6,英=6
1825,33,15,英+數A+自=15
1826,2,8,數A=8
1827,33,18,英+數A+自=18
1828,5,10,自=10
1829,43,27,國+英+數A+自=27
1830,43,34,國+英+數A+自=34
1831,5,11,自=11
1832,1,5,英=5
1833,2,6,數A=6
1834,1,8,英=8
1835,2,4,數A=4
1836,1,8,英=8
1837,3,4,數B=4
1838,1,8,英=8
1839,21,25,國+英+數A=25
1840,22,22,國+英+數B=22
1841,21,21,國+英+數A=21
1842,1,8,英=8
1843,3,0,數B=0
1844,22,17,國+英+數B=17
1845,1,9,英=9
1846,0,10,國=10
1847,13,11,英+社=11
1848,22,22,國+英+數B=22
1849,21,19,國+英+數A=19
1850,22,23,國+英+數B=23
1851,1,8,英=8
1852,3,3,數B=3
1853,0,12,國=12
1854,4,8,社=8
1855,0,10,國=10
1856,1,10,英=10
1857,4,11,社=11
1858,4,13,社=13
1859,1,3,英=3
1860,3,7,數B=7
1861,1,8,英=8
1862,3,8,數B=8
1863,9,16,國+社=16
1864,4,13,社=13
1865,4,11,社=11
1866,0,12,國=12
1867,0,12,國=12
1868,23,34,國+英+社=34
1869,0,10,國=10
1870,1,4,英=4
1871,0,10,國=10
1872,4,11,社=11
1873,0,10,國=10
1874,4,11,社=11
1875,0,10,國=10
1876,4,10,社=10
1877,23,24,國+英+社=24
1878,4,10,社=10
1879,0,8,國=8
1880,0,8,國=8
1881,4,10,社=10
1882,0,6,國=6
1883,4,10,社=10
1884,1,3,英=3
1885,5,9,自=9
1886,4,7,社=7
1887,0,10,國=10
1888,0,4,國=4
1889,0,8,國=8
1890,0,12,國=12
1891,3,7,數B=7
1892,1,6,英=6
1893,0,12,國=12
1894,4,0,社=0
1895,1,7,英=7
1896,0,11,國=11
1897,22,34,國+英+數B=34
1898,0,11,國=11
1899,0,13,國=13
1900,1,13,英=13
1901,0,12,國=12
1902,1,8,英=8
1903,3,6,數B=6
1904,0,10,國=10
1905,4,11,社=11
1906,24,28,國+英+自=28
1907,5,11,自=11
1908,5,9,自=9
1909,1,9,英=9
1910,2,8,數A=8
1911,5,10,自=10
1912,1,10,英=10
1913,2,8,數A=8
1914,2,11,數A=11
1915,21,29,國+英+數A=29
1916,2,10,數A=10
1917,11,19,英+數A=19
1918,2,8,數A=8
1919,1,9,英=9
1920,4,12,社=12
1921,2,7,數A=7
1922,0,11,國=11
1923,3,4,數B=4
1924,1,7,英=7
1925,4,6,社=6
1926,1,3,英=3
1927,0,10,國=10
1928,0,11,國=11
1929,44,41,國+英+數B+社=41
1930,44,42,國+英+數B+社=42
1931,0,11,國=11
1932,23,29,國+英+社=29
1933,0,10,國=10
1934,4,10,社=10
1935,23,22,國+英+社=22
1936,1,11,英=11
1937,1,11,英=11
1938,0,11,國=11
1939,1,7,英=7
1940,22,25,國+英+數B=25
1941,1,5,英=5
1942,44,35,國+英+數B+社=35
1943,12,12,英+數B=12
1944,0,9,國=9
1945,4,8,社=8
1946,44,38,國+英+數B+社=38
1947,1,4,英=4
1948,3,8,數B=8
1949,5,9,自=9
1950,2,7,數A=7
1951,2,8,數A=8
1952,5,6,自=6
1953,2,7,數A=7
1954,5,7,自=7
1955,2,5,數A=5
1956,14,8,英+自=8
1957,2,7,數A=7
1958,2,6,數A=6
1959,5,10,自=10
1960,21,11,國+英+數A=11
1961,11,13,英+數A=13
1962,0,12,國=12
1963,21,10,國+英+數A=10
1964,11,7,英+數A=7
1965,0,10,國=10
1966,6,13,國+英=13
1967,3,9,數B=9
1968,0,7,國=7
1969,1,2,英=2
1970,0,11,國=11
1971,1,2,英=2
1972,0,9,國=9
1973,0,10,國=10
1974,0,9,國=9
1975,0,10,國=10
1976,0,9,國=9
1977,0,4,國=4
1978,1,4,英=4
1979,0,7,國=7
1980,4,9,社=9
1981,5,8,自=8
1982,1,2,英=2
1983,2,3,數A=3
1984,11,10,英+數A=10
1985,22,23,國+英+數B=23
1986,2,6,數A=6
1987,5,8,自=8
1988,5,5,自=5
1989,5,9,自=9
1990,0,2,國=2
1991,23,28,國+英+社=28
1992,24,30,國+英+自=30
1993,23,25,國+英+社=25
1994,6,13,國+英=13
1995,0,9,國=9
1996,1,5,英=5
1997,24,26,國+英+自=26
1998,4,9,社=9
1999,0,10,國=10
2000,22,23,國+英+數B=23
2001,8,14,國+數B=14
2002,1,6,英=6
2003,22,21,國+英+數B=21
2004,6,14,國+英=14
2005,1,8,英=8
2006,1,7,英=7
2007,6,19,國+英=19
2008,0,10,國=10
2009,28,16,國+數B+社=16
2010,0,8,國=8
2011,3,5,數B=5
2012,6,15,國+英=15
2013,22,28,國+英+數B=28
2014,12,14,英+數B=14
2015,12,10,英+數B=10
2016,0,10,國=10
2017,1,4,英=4
2018,0,10,國=10
2019,2,7,數A=7
2020,21,29,國+英+數A=29
2021,2,8,數A=8
2022,21,24,國+英+數A=24
2023,21,25,國+英+數A=25
2024,10,21,國+自=21
2025,10,22,國+自=22
2026,6,18,國+英=18
2027,14,18,英+自=18
2028,33,31,英+數A+自=31
2029,10,23,國+自=23
2030,21,29,國+英+數A=29
2031,14,20,英+自=20
2032,1,5,英=5
2033,4,11,社=11
2034,0,14,國=14
2035,1,14,英=14
2036,1,8,英=8
2037,0,10,國=10
2038,4,14,社=14
2039,3,5,數B=5
2040,1,10,英=10
2041,1,6,英=6
2042,5,10,自=10
2043,2,11,數A=11
2044,1,8,英=8
2045,2,6,數A=6
2046,5,12,自=12
2047,1,8,英=8
2048,5,12,自=12
2049,2,10,數A=10
2050,14,23,英+自=23
2051,2,10,數A=10
2052,1,10,英=10
2053,5,11,自=11
2054,43,46,國+英+數A+自=46
2055,4,12,社=12
2056,6,20,國+英=20
2057,3,9,數B=9
2058,5,11,自=11
2059,11,22,英+數A=22
2060,3,9,數B=9
2061,4,11,社=11
2062,1,9,英=9
2063,3,0,數B=0
2064,4,12,社=12
2065,1,11,英=11
2066,4,10,社=10
2067,1,10,英=10
2068,0,13,國=13
2069,33,37,英+數A+自=37
2070,2,6,數A=6
2071,43,51,國+英+數A+自=51
2072,43,47,國+英+數A+自=47
2073,43,48,國+英+數A+自=48
2074,43,43,國+英+數A+自=43
2075,2,8,數A=8
2076,5,13,自=13
2077,17,25,數A+自=25
2078,43,49,國+英+數A+自=49
2079,0,12,國=12
2080,1,10,英=10
2081,3,11,數B=11
2082,6,24,國+英=24
2083,1,13,英=13
2084,0,10,國=10
2085,3,8,數B=8
2086,1,12,英=12
2087,0,10,國=10
2088,1,12,英=12
2089,2,8,數A=8
2090,1,14,英=14
2091,1,11,英=11
2092,0,13,國=13
2093,4,13,社=13
2094,1,11,英=11
2095,0,13,國=13
2096,4,13,社=13
2097,4,12,社=12
2098,6,26,國+英=26
2099,44,49,國+英+數B+社=49
2100,4,10,社=10
2101,0,10,國=10
2102,1,8,英=8
2103,3,6,數B=6
2104,4,12,社=12
2105,6,25,國+英=25
2106,1,9,英=9
2107,0,13,國=13
2108,43,37,國+英+數A+自=37
2109,0,9,國=9
2110,1,8,英=8
2111,3,6,數B=6
2112,3,4,數B=4
2113,6,19,國+英=19
2114,44,35,國+英+數B+社=35
2115,4,9,社=9
2116,6,18,國+英=18
2117,14,18,英+自=18
2118,3,6,數B=6
2119,0,8,國=8
2120,1,8,英=8
2121,4,9,社=9
2122,6,19,國+英=19
2123,44,36,國+英+數B+社=36
2124,1,5,英=5
2125,17,16,數A+自=16
2126,7,9,國+數A=9
2127,11,7,英+數A=7
2128,5,7,自=7
2129,2,3,數A=3
2130,2,3,數A=3
2131,0,4,國=4
2132,1,3,英=3
2133,0,3,國=3
2134,6,6,國+英=6
2135,6,9,國+英=9
2136,6,9,國+英=9
2137,9,10,國+社=10
2138,0,3,國=3
2139,4,7,社=7
2140,4,6,社=6
2141,4,7,社=7
2142,0,7,國=7
2143,4,7,社=7
2144,1,4,英=4
2145,0,7,國=7
2146,1,3,英=3
2147,0,7,國=7
2148,0,7,國=7
2149,0,7,國=7
2150,4,3,社=3
2151,9,11,國+社=11
2152,9,11,國+社=11
2153,1,4,英=4
2154,1,4,英=4
2155,0,7,國=7
2156,14,12,英+自=12
2157,13,12,英+社=12
2158,0,2,國=2
2159,0,2,國=2
2160,0,2,國=2
2161,0,2,國=2
2162,0,8,國=8
2163,5,6,自=6
2164,0,7,國=7
2165,0,7,國=7
2166,0,7,國=7
2167,0,7,國=7
2168,0,10,國=10
2169,0,7,國=7
2170,0,7,國=7
2171,7,13,國+數A=13
2172,0,2,國=2
2173,1,2,英=2
2174,1,2,英=2
2175,2,4,數A=4
2176,1,3,英=3
2177,3,6,數B=6
2178,1,2,英=2
2179,2,4,數A=4
2180,2,4,數A=4
2181,2,4,數A=4
2182,2,4,數A=4
2183,2,4,數A=4
2184,1,5,英=5
2185,1,6,英=6
2186,2,5,數A=5
2187,6,11,國+英=11
2188,0,9,國=9
2189,1,0,英=0
2190,1,1,英=1
2191,0,9,國=9
2192,0,9,國=9
2193,0,9,國=9
2194,1,1,英=1
2195,1,2,英=2
2196,0,9,國=9
2197,0,9,國=9
2198,1,8,英=8
2199,1,0,英=0
2200,0,9,國=9
2201,1,2,英=2
2202,0,9,國=9
2203,1,2,英=2
2204,0,9,國=9
2205,1,3,英=3
2206,5,7,自=7
2207,5,4,自=4
2208,0,10,國=10
2209,5,8,自=8
2210,0,9,國=9
2211,5,8,自=8
2212,2,4,數A=4
2213,1,4,英=4
2214,5,9,自=9
2215,1,8,英=8
2216,5,11,自=11
2217,5,9,自=9
2218,1,7,英=7
2219,1,6,英=6
2220,5,9,自=9
2221,10,27,國+自=27
2222,1,15,英=15
2223,1,2,英=2
2224,0,9,國=9
2225,23,18,國+英+社=18
2226,4,10,社=10
2227,9,21,國+社=21
2228,9,20,國+社=20
2229,9,20,國+社=20
2230,6,8,國+英=8
2231,3,7,數B=7
2232,0,8,國=8
2233,4,9,社=9
2234,3,3,數B=3
2235,0,9,國=9
2236,0,3,國=3
2237,4,10,社=10
2238,23,14,國+英+社=14
2239,4,10,社=10
2240,1,5,英=5
2241,0,10,國=10
2242,3,5,數B=5
2243,0,11,國=11
2244,4,11,社=11
2245,9,20,國+社=20
2246,4,12,社=12
2247,6,18,國+英=18
2248,1,9,英=9
2249,0,10,國=10
2250,4,12,社=12
2251,0,12,國=12
2252,1,10,英=10
2253,1,8,英=8
2254,1,8,英=8
2255,1,8,英=8
2256,0,7,國=7
2257,1,3,英=3
2258,0,10,國=10
2259,0,9,國=9
2260,9,16,國+社=16
2261,1,9,英=9
2262,4,7,社=7
2263,0,10,國=10
2264,4,9,社=9
2265,1,5,英=5
2266,0,9,國=9
2267,4,9,社=9
2268,0,8,國=8
2269,4,10,社=10
2270,23,26,國+英+社=26
2271,0,9,國=9
2272,4,10,社=10
2273,1,1,英=1
2274,0,5,國=5
2275,4,8,社=8
2276,6,7,國+英=7
2277,0,9,國=9
2278,9,19,國+社=19
2279,4,9,社=9
2280,9,22,國+社=22
2281,0,9,國=9
2282,9,21,國+社=21
2283,6,17,國+英=17
2284,23,26,國+英+社=26
2285,9,18,國+社=18
2286,6,14,國+英=14
2287,1,7,英=7
2288,8,13,國+數B=13
2289,3,7,數B=7
2290,9,18,國+社=18
2291,4,10,社=10
2292,0,9,國=9
2293,8,16,國+數B=16
2294,7,13,國+數A=13
2295,7,15,國+數A=15
2296,13,11,英+社=11
2297,4,9,社=9
2298,9,13,國+社=13
2299,4,10,社=10
2300,24,24,國+英+自=24
2301,5,9,自=9
2302,24,17,國+英+自=17
2303,5,8,自=8
2304,6,14,國+英=14
2305,0,10,國=10
2306,10,17,國+自=17
2307,5,9,自=9
2308,6,16,國+英=16
2309,0,10,國=10
2310,13,9,英+社=9
2311,0,10,國=10
2312,13,16,英+社=16
2313,0,10,國=10
2314,13,15,英+社=15
2315,0,11,國=11
2316,0,9,國=9
2317,1,6,英=6
2318,9,21,國+社=21
2319,0,9,國=9
2320,1,7,英=7
2321,0,11,國=11
2322,0,11,國=11
2323,0,10,國=10
2324,3,5,數B=5
2325,3,6,數B=6
2326,3,3,數B=3
2327,18,17,數B+社=17
2328,4,10,社=10
2329,4,10,社=10
2330,10,18,國+自=18
2331,10,16,國+自=16
2332,0,10,國=10
2333,9,19,國+社=19
2334,4,11,社=11
2335,4,8,社=8
2336,0,10,國=10
2337,1,2,英=2
2338,4,8,社=8
2339,6,16,國+英=16
2340,6,13,國+英=13
2341,4,12,社=12
2342,23,24,國+英+社=24
2343,1,9,英=9
2344,1,8,英=8
2345,6,10,國+英=10
2346,1,6,英=6
2347,23,27,國+英+社=27
2348,24,19,國+英+自=19
2349,5,8,自=8
2350,0,10,國=10
2351,0,10,國=10
2352,9,18,國+社=18
2353,0,9,國=9
2354,1,7,英=7
2355,0,9,國=9
2356,1,7,英=7
2357,0,9,國=9
2358,4,10,社=10
2359,0,9,國=9
2360,4,9,社=9
2361,9,20,國+社=20
2362,0,7,國=7
2363,5,0,自=0
2364,0,3,國=3
2365,4,7,社=7
2366,0,7,國=7
2367,1,2,英=2
2368,9,20,國+社=20
2369,0,9,國=9
2370,13,14,英+社=14
2371,6,17,國+英=17
2372,6,14,國+英=14
2373,10,16,國+自=16
2374,5,7,自=7
2375,9,18,國+社=18
2376,5,7,自=7
2377,0,9,國=9
2378,1,6,英=6
2379,0,7,國=7
2380,1,3,英=3
2381,0,5,國=5
2382,4,7,社=7
2383,4,9,社=9
2384,0,9,國=9
2385,0,9,國=9
2386,1,5,英=5
2387,4,8,社=8
2388,5,5,自=5
2389,0,5,國=5
2390,5,5,自=5
2391,0,2,國=2
2392,5,6,自=6
2393,5,0,自=0
2394,0,7,國=7
2395,5,6,自=6
2396,5,6,自=6
2397,0,5,國=5
2398,0,8,國=8
2399,0,6,國=6
2400,4,3,社=3
2401,0,7,國=7
2402,4,7,社=7
2403,4,10,社=10
2404,4,8,社=8
2405,0,2,國=2
2406,4,9,社=9
2407,0,7,國=7
2408,4,6,社=6
2409,0,8,國=8
2410,0,7,國=7
2411,4,3,社=3
2412,0,3,國=3
2413,1,4,英=4
2414,0,7,國=7
2415,4,7,社=7
2416,0,4,國=4
2417,4,8,社=8
2418,0,7,國=7
2419,4,8,社=8
2420,0,7,國=7
2421,0,6,國=6
2422,4,8,社=8
2423,4,8,社=8
2424,0,7,國=7
2425,4,6,社=6
2426,0,7,國=7
2427,4,7,社=7
2428,0,8,國=8
2429,4,7,社=7
2430,1,5,英=5
2431,0,8,國=8
2432,4,7,社=7
2433,0,7,國=7
2434,1,4,英=4
2435,0,8,國=8
2436,0,7,國=7
2437,1,4,英=4
2438,0,10,國=10
2439,0,9,國=9
2440,5,7,自=7
2441,0,10,國=10
2442,4,8,社=8
2443,0,5,國=5
2444,0,6,國=6
2445,0,7,國=7
2446,4,7,社=7
2447,0,7,國=7
2448,5,6,自=6
2449,4,7,社=7
2450,5,6,自=6
2451,0,7,國=7
2452,4,7,社=7
2453,0,5,國=5
2454,0,7,國=7
2455,4,0,社=0
2456,5,5,自=5
2457,0,8,國=8
2458,0,4,國=4
2459,0,8,國=8
2460,0,7,國=7
2461,4,7,社=7
2462,0,9,國=9
2463,0,9,國=9
2464,4,7,社=7
2465,0,6,國=6
2466,0,8,國=8
2467,0,8,國=8
2468,0,9,國=9
2469,0,4,國=4
2470,0,4,國=4
2471,0,2,國=2
2472,4,4,社=4
2473,6,24,國+英=24
2474,23,38,國+英+社=38
2475,6,25,國+英=25
2476,6,10,國+英=10
2477,4,6,社=6
2478,0,12,國=12
2479,1,11,英=11
2480,4,10,社=10
2481,6,12,國+英=12
2482,0,9,國=9
2483,1,3,英=3
2484,0,8,國=8
2485,4,13,社=13
2486,1,4,英=4
2487,4,10,社=10
2488,6,20,國+英=20
2489,6,19,國+英=19
2490,12,17,英+數B=17
2491,12,19,英+數B=19
2492,0,10,國=10
2493,1,6,英=6
2494,1,2,英=2
2495,1,8,英=8
2496,4,10,社=10
2497,0,12,國=12
2498,34,29,英+數B+社=29
2499,6,20,國+英=20
2500,28,21,國+數B+社=21
2501,22,25,國+英+數B=25
2502,1,4,英=4
2503,2,8,數A=8
2504,1,3,英=3
2505,2,7,數A=7
2506,2,6,數A=6
2507,5,11,自=11
2508,24,27,國+英+自=27
2509,14,23,英+自=23
2510,2,3,數A=3
2511,5,11,自=11
2512,5,9,自=9
2513,2,9,數A=9
2514,5,10,自=10
2515,2,8,數A=8
2516,17,12,數A+自=12
2517,14,15,英+自=15
2518,0,8,國=8
2519,4,9,社=9
2520,9,10,國+社=10
2521,4,9,社=9
2522,9,13,國+社=13
2523,9,13,國+社=13
2524,0,7,國=7
2525,4,5,社=5
2526,0,7,國=7
2527,4,7,社=7
2528,6,9,國+英=9
2529,6,9,國+英=9
2530,0,8,國=8
2531,0,9,國=9
2532,9,17,國+社=17
2533,0,7,國=7
2534,1,3,英=3
2535,4,7,社=7
2536,9,8,國+社=8
2537,0,7,國=7
2538,9,12,國+社=12
2539,4,8,社=8
2540,0,7,國=7
2541,4,9,社=9
2542,9,15,國+社=15
2543,4,7,社=7
2544,0,7,國=7
2545,0,7,國=7
2546,0,7,國=7
2547,4,8,社=8
2548,0,7,國=7
2549,9,16,國+社=16
2550,10,15,國+自=15
2551,0,9,國=9
2552,0,8,國=8
2553,5,7,自=7
2554,10,7,國+自=7
2555,6,10,國+英=10
2556,5,7,自=7
2557,4,7,社=7
2558,0,7,國=7
2559,0,7,國=7
2560,5,5,自=5
2561,4,7,社=7
2562,6,14,國+英=14
2563,23,25,國+英+社=25
2564,6,18,國+英=18
2565,24,27,國+英+自=27
2566,44,35,國+英+數B+社=35
2567,6,4,國+英=4
2568,0,5,國=5
2569,4,12,社=12
2570,0,9,國=9
2571,1,4,英=4
2572,0,7,國=7
2573,0,8,國=8
2574,0,7,國=7
2575,0,7,國=7
2576,0,7,國=7
2577,0,7,國=7
2578,0,3,國=3
2579,0,2,國=2
2580,0,7,國=7
2581,9,12,國+社=12
2582,9,10,國+社=10
2583,6,12,國+英=12
2584,4,8,社=8
2585,1,2,英=2
2586,4,7,社=7
2587,4,5,社=5
2588,0,7,國=7
2589,0,7,國=7
2590,0,7,國=7
2591,4,7,社=7
2592,4,9,社=9
2593,4,8,社=8
2594,4,8,社=8
2595,0,7,國=7
2596,1,3,英=3
2597,0,9,國=9
2598,0,7,國=7
2599,0,7,國=7
2600,44,49,國+英+數B+社=49
2601,3,10,數B=10
2602,1,12,英=12
2603,0,13,國=13
2604,44,46,國+英+數B+社=46
2605,3,7,數B=7
2606,1,11,英=11
2607,0,13,國=13
2608,44,51,國+英+數B+社=51
2609,3,10,數B=10
2610,1,12,英=12
2611,0,13,國=13
2612,44,47,國+英+數B+社=47
2613,3,7,數B=7
2614,1,12,英=12
2615,0,13,國=13
2616,44,52,國+英+數B+社=52
2617,3,11,數B=11
2618,1,13,英=13
2619,0,13,國=13
2620,44,44,國+英+數B+社=44
2621,3,6,數B=6
2622,1,11,英=11
2623,0,14,國=14
2624,42,47,國+英+數A+社=47
2625,1,8,英=8
2626,21,26,國+英+數A=26
2627,42,49,國+英+數A+社=49
2628,42,41,國+英+數A+社=41
2629,42,43,國+英+數A+社=43
2630,2,8,數A=8
2631,1,12,英=12
2632,42,40,國+英+數A+社=40
2633,2,6,數A=6
2634,1,10,英=10
2635,21,34,國+英+數A=34
2636,21,0,國+英+數A=0
2637,3,5,數B=5
2638,1,12,英=12
2639,3,7,數B=7
2640,1,8,英=8
2641,1,11,英=11
2642,0,12,國=12
2643,4,13,社=13
2644,1,9,英=9
2645,0,11,國=11
2646,4,12,社=12
2647,42,42,國+英+數A+社=42
2648,2,8,數A=8
2649,1,12,英=12
2650,42,42,國+英+數A+社=42
2651,2,6,數A=6
2652,1,12,英=12
2653,21,32,國+英+數A=32
2654,34,36,英+數B+社=36
2655,3,8,數B=8
2656,1,10,英=10
2657,2,8,數A=8
2658,1,12,英=12
2659,2,6,數A=6
2660,1,9,英=9
2661,3,6,數B=6
2662,1,8,英=8
2663,4,14,社=14
2664,3,7,數B=7
2665,1,8,英=8
2666,4,11,社=11
2667,6,23,國+英=23
2668,22,27,國+英+數B=27
2669,23,37,國+英+社=37
2670,4,11,社=11
2671,1,8,英=8
2672,0,12,國=12
2673,44,42,國+英+數B+社=42
2674,1,13,英=13
2675,0,13,國=13
2676,1,11,英=11
2677,0,11,國=11
2678,9,27,國+社=27
2679,0,10,國=10
2680,4,13,社=13
2681,14,23,英+自=23
2682,2,11,數A=11
2683,11,19,英+數A=19
2684,14,24,英+自=24
2685,2,10,數A=10
2686,5,9,自=9
2687,1,9,英=9
2688,2,6,數A=6
2689,33,37,英+數A+自=37
2690,33,30,英+數A+自=30
2691,3,1,數B=1
2692,0,12,國=12
2693,1,8,英=8
2694,0,13,國=13
2695,1,7,英=7
2696,0,12,國=12
2697,0,10,國=10
2698,4,12,社=12
2699,0,9,國=9
2700,6,19,國+英=19
2701,4,7,社=7
2702,0,13,國=13
2703,9,20,國+社=20
2704,0,10,國=10
2705,4,13,社=13
2706,1,11,英=11
2707,1,12,英=12
2708,0,9,國=9
2709,3,5,數B=5
2710,1,10,英=10
2711,3,6,數B=6
2712,0,9,國=9
2713,1,9,英=9
2714,22,23,國+英+數B=23
2715,0,8,國=8
2716,3,9,數B=9
2717,1,9,英=9
2718,0,9,國=9
2719,3,8,數B=8
2720,1,8,英=8
2721,0,6,國=6
2722,1,10,英=10
2723,0,4,國=4
2724,12,21,英+數B=21
2725,5,10,自=10
2726,5,9,自=9
2727,0,4,國=4
2728,1,3,英=3
2729,5,9,自=9
2730,5,10,自=10
2731,33,29,英+數A+自=29
2732,5,5,自=5
2733,6,13,國+英=13
2734,46,35,國+英+社+自=35
2735,1,7,英=7
2736,5,10,自=10
2737,5,9,自=9
2738,2,10,數A=10
2739,5,13,自=13
2740,2,9,數A=9
2741,21,31,國+英+數A=31
2742,2,4,數A=4
2743,1,9,英=9
2744,5,11,自=11
2745,5,11,自=11
2746,33,32,英+數A+自=32
2747,17,21,數A+自=21
2748,5,10,自=10
2749,5,9,自=9
2750,1,6,英=6
2751,1,2,英=2
2752,5,10,自=10
2753,0,11,國=11
2754,1,7,英=7
2755,5,11,自=11
2756,0,11,國=11
2757,5,10,自=10
2758,1,9,英=9
2759,10,23,國+自=23
2760,43,50,國+英+數A+自=50
2761,1,13,英=13
2762,5,13,自=13
2763,1,12,英=12
2764,6,18,國+英=18
2765,0,10,國=10
2766,4,11,社=11
2767,1,10,英=10
2768,0,11,國=11
2769,4,12,社=12
2770,1,10,英=10
2771,0,10,國=10
2772,4,10,社=10
2773,1,9,英=9
2774,23,38,國+英+社=38
2775,23,32,國+英+社=32
2776,9,23,國+社=23
2777,1,10,英=10
2778,12,20,英+數B=20
2779,0,12,國=12
2780,1,10,英=10
2781,22,32,國+英+數B=32
2782,21,28,國+英+數A=28
2783,6,24,國+英=24
2784,12,22,英+數B=22
2785,7,7,國+數A=7
2786,2,10,數A=10
2787,17,22,數A+自=22
2788,2,8,數A=8
2789,5,12,自=12
2790,5,11,自=11
2791,33,34,英+數A+自=34
2792,27,32,國+數A+自=32
2793,27,29,國+數A+自=29
2794,33,34,英+數A+自=34
2795,1,11,英=11
2796,2,10,數A=10
2797,1,10,英=10
2798,2,9,數A=9
2799,0,10,國=10
2800,1,9,英=9
2801,2,6,數A=6
2802,23,24,國+英+社=24
2803,2,12,數A=12
2804,5,14,自=14
2805,6,28,國+英=28
2806,17,28,數A+自=28
2807,2,12,數A=12
2808,5,14,自=14
2809,6,27,國+英=27
2810,17,27,數A+自=27
2811,2,11,數A=11
2812,43,51,國+英+數A+自=51
2813,5,13,自=13
2814,1,4,英=4
2815,5,7,自=7
2816,5,8,自=8
2817,1,11,英=11
2818,1,3,英=3
2819,5,7,自=7
2820,1,7,英=7
2821,1,3,英=3
2822,1,2,英=2
2823,5,5,自=5
2824,5,7,自=7
2825,0,8,國=8
2826,0,7,國=7
2827,0,7,國=7
2828,0,7,國=7
2829,1,3,英=3
2830,0,7,國=7
2831,0,7,國=7
2832,0,7,國=7
2833,43,57,國+英+數A+自=57
2834,5,15,自=15
2835,21,43,國+英+數A=43
2836,0,13,國=13
2837,2,12,數A=12
2838,5,14,自=14
2839,1,15,英=15
2840,2,11,數A=11
2841,1,13,英=13
2842,5,14,自=14
2843,17,17,數A+自=17
2844,1,15,英=15
2845,2,10,數A=10
2846,5,13,自=13
2847,1,15,英=15
2848,10,24,國+自=24
2849,1,13,英=13
2850,5,0,自=0
2851,1,12,英=12
2852,5,9,自=9
2853,6,25,國+英=25
2854,17,11,數A+自=11
2855,1,13,英=13
2856,1,8,英=8
2857,0,11,國=11
2858,18,21,數B+社=21
2859,14,22,英+自=22
2860,0,13,國=13
2861,1,10,英=10
2862,0,10,國=10
2863,1,8,英=8
2864,5,11,自=11
2865,1,8,英=8
2866,0,12,國=12
2867,2,9,數A=9
2868,5,13,自=13
2869,2,4,數A=4
2870,14,18,英+自=18
2871,0,12,國=12
2872,43,46,國+英+數A+自=46
2873,5,12,自=12
2874,21,33,國+英+數A=33
2875,14,27,英+自=27
2876,43,52,國+英+數A+自=52
2877,14,19,英+自=19
2878,33,27,英+數A+自=27
2879,0,8,國=8
2880,1,4,英=4
2881,5,8,自=8
2882,1,6,英=6
2883,4,8,社=8
2884,0,7,國=7
2885,1,4,英=4
2886,4,7,社=7
2887,1,4,英=4
2888,0,7,國=7
2889,4,8,社=8
2890,4,7,社=7
2891,4,8,社=8
2892,4,8,社=8
2893,4,8,社=8
2894,1,4,英=4
2895,1,5,英=5
2896,1,4,英=4
2897,1,4,英=4
2898,0,7,國=7
2899,0,7,國=7
2900,0,7,國=7
2901,0,9,國=9
2902,0,10,國=10
2903,0,10,國=10
2904,0,10,國=10
2905,0,5,國=5
2906,0,9,國=9
2907,4,7,社=7
2908,5,5,自=5
2909,9,12,國+社=12
2910,4,7,社=7
2911,0,7,國=7
2912,24,13,國+英+自=13
2913,9,11,國+社=11
2914,10,7,國+自=7
2915,0,7,國=7
2916,6,9,國+英=9
2917,1,3,英=3
2918,4,7,社=7
2919,0,7,國=7
2920,9,12,國+社=12
2921,6,12,國+英=12
2922,0,7,國=7
2923,0,4,國=4
2924,4,7,社=7
2925,4,7,社=7
2926,4,0,社=0
2927,0,2,國=2
2928,0,2,國=2
2929,0,9,國=9
2930,6,15,國+英=15
2931,0,9,國=9
2932,5,9,自=9
2933,0,7,國=7
2934,1,6,英=6
2935,0,9,國=9
2936,1,4,英=4
2937,5,7,自=7
2938,24,30,國+英+自=30
2939,1,4,英=4
2940,5,8,自=8
2941,24,28,國+英+自=28
2942,1,2,英=2
2943,5,5,自=5
2944,14,15,英+自=15
2945,6,20,國+英=20
2946,13,17,英+社=17
2947,6,17,國+英=17
2948,0,9,國=9
2949,1,8,英=8
2950,5,9,自=9
2951,1,10,英=10
2952,0,12,國=12
2953,5,11,自=11
2954,1,10,英=10
2955,1,8,英=8
2956,5,8,自=8
2957,0,10,國=10
2958,0,10,國=10
2959,0,6,國=6
2960,1,5,英=5
2961,0,5,國=5
2962,1,5,英=5
2963,0,10,國=10
2964,2,6,數A=6
2965,2,4,數A=4
2966,9,14,國+社=14
2967,0,9,國=9
2968,4,10,社=10
2969,0,10,國=10
2970,3,0,數B=0
2971,0,8,國=8
2972,0,9,國=9
2973,9,19,國+社=19
2974,6,12,國+英=12
2975,9,16,國+社=16
2976,0,10,國=10
2977,0,9,國=9
2978,0,10,國=10
2979,23,26,國+英+社=26
2980,1,9,英=9
2981,28,25,國+數B+社=25
2982,1,6,英=6
2983,23,24,國+英+社=24
2984,1,6,英=6
2985,2,6,數A=6
2986,5,9,自=9
2987,0,4,國=4
2988,5,6,自=6
2989,2,6,數A=6
2990,2,6,數A=6
2991,5,10,自=10
2992,0,3,國=3
2993,2,4,數A=4
2994,5,8,自=8
2995,0,11,國=11
2996,5,9,自=9
2997,1,4,英=4
2998,5,9,自=9
2999,1,5,英=5
3000,5,10,自=10
3001,6,12,國+英=12
3002,5,9,自=9
3003,1,4,英=4
3004,0,9,國=9
3005,5,8,自=8
3006,5,9,自=9
3007,2,8,數A=8
3008,5,5,自=5
3009,2,7,數A=7
3010,1,10,英=10
3011,2,7,數A=7
3012,7,17,國+數A=17
3013,2,7,數A=7
3014,2,7,數A=7
3015,5,10,自=10
3016,17,15,數A+自=15
3017,1,4,英=4
3018,5,8,自=8
3019,0,8,國=8
3020,1,8,英=8
3021,0,11,國=11
3022,2,8,數A=8
3023,7,17,國+數A=17
3024,17,15,數A+自=15
3025,21,23,國+英+數A=23
3026,2,7,數A=7
3027,12,11,英+數B=11
3028,22,14,國+英+數B=14
3029,1,5,英=5
3030,3,5,數B=5
3031,44,35,國+英+數B+社=35
3032,0,9,國=9
3033,0,10,國=10
3034,11,27,英+數A=27
3035,20,28,社+自=28
3036,53,57,英+數A+社+自=57
3037,5,7,自=7
3038,1,8,英=8
3039,43,40,國+英+數A+自=40
3040,0,12,國=12
3041,14,22,英+自=22
3042,1,4,英=4
3043,5,10,自=10
3044,1,7,英=7
3045,5,11,自=11
3046,11,26,英+數A=26
3047,20,27,社+自=27
3048,53,54,英+數A+社+自=54
3049,5,7,自=7
3050,1,6,英=6
3051,43,33,國+英+數A+自=33
3052,1,5,英=5
3053,5,8,自=8
3054,1,3,英=3
3055,5,9,自=9
3056,1,7,英=7
3057,0,9,國=9
3058,4,0,社=0
3059,23,25,國+英+社=25
3060,0,11,國=11
3061,5,8,自=8
3062,10,18,國+自=18
3063,0,9,國=9
3064,4,7,社=7
3065,0,9,國=9
3066,2,6,數A=6
3067,6,13,國+英=13
3068,0,9,國=9
3069,0,8,國=8
3070,0,9,國=9
3071,0,9,國=9
3072,0,9,國=9
3073,5,9,自=9
