combo_id,record_id,combo_order
0,0,1
1,0,2
2,0,3
3,1,1
4,2,1
5,2,2
6,2,3
7,3,1
8,3,2
9,4,1
10,4,2
11,5,1
12,5,2
13,5,3
14,6,1
15,6,2
16,6,3
17,7,1
18,7,2
19,8,1
20,8,2
21,9,1
22,9,2
23,9,3
24,10,1
25,10,2
26,10,3
27,11,1
28,12,1
29,12,2
30,12,3
31,12,4
32,13,1
33,13,2
34,14,1
35,14,2
36,15,1
37,15,2
38,16,1
39,16,2
40,17,1
41,17,2
42,18,1
43,18,2
44,19,1
45,19,2
46,20,1
47,20,2
48,21,1
49,21,2
50,22,1
51,22,2
52,22,3
53,23,1
54,23,2
55,23,3
56,24,1
57,24,2
58,25,1
59,25,2
60,26,1
61,27,1
62,27,2
63,28,1
64,29,1
65,29,2
66,29,3
67,30,1
68,31,1
69,32,1
70,32,2
71,33,1
72,33,2
73,33,3
74,34,1
75,34,2
76,34,3
77,35,1
78,35,2
79,36,1
80,36,2
81,36,3
82,37,1
83,37,2
84,37,3
85,38,1
86,38,2
87,38,3
88,39,1
89,40,1
90,40,2
91,41,1
92,41,2
93,42,1
94,42,2
95,43,1
96,43,2
97,43,3
98,43,4
99,44,1
100,45,1
101,45,2
102,45,3
103,46,1
104,46,2
105,47,1
106,47,2
107,48,1
108,48,2
109,49,1
110,49,2
111,50,1
112,50,2
113,51,1
114,51,2
115,51,3
116,52,1
117,52,2
118,53,1
119,53,2
120,54,1
121,55,1
122,56,1
123,56,2
124,57,1
125,58,1
126,59,1
127,60,1
128,60,2
129,61,1
130,61,2
131,61,3
132,62,1
133,62,2
134,63,1
135,63,2
136,64,1
137,65,1
138,65,2
139,66,1
140,66,2
141,67,1
142,67,2
143,68,1
144,68,2
145,69,1
146,69,2
147,70,1
148,70,2
149,70,3
150,71,1
151,72,1
152,73,1
153,73,2
154,74,1
155,75,1
156,76,1
157,76,2
158,76,3
159,77,1
160,77,2
161,78,1
162,78,2
163,78,3
164,79,1
165,79,2
166,79,3
167,80,1
168,80,2
169,81,1
170,81,2
171,82,1
172,82,2
173,83,1
174,84,1
175,84,2
176,84,3
177,84,4
178,85,1
179,85,2
180,85,3
181,86,1
182,86,2
183,86,3
184,87,1
185,87,2
186,88,1
187,88,2
188,89,1
189,89,2
190,90,1
191,90,2
192,90,3
193,91,1
194,91,2
195,92,1
196,92,2
197,93,1
198,93,2
199,94,1
200,94,2
201,95,1
202,95,2
203,95,3
204,96,1
205,96,2
206,96,3
207,97,1
208,97,2
209,97,3
210,98,1
211,98,2
212,99,1
213,99,2
214,100,1
215,100,2
216,101,1
217,101,2
218,101,3
219,102,1
220,102,2
221,103,1
222,104,1
223,104,2
224,105,1
225,106,1
226,106,2
227,107,1
228,107,2
229,108,1
230,109,1
231,109,2
232,110,1
233,110,2
234,111,1
235,111,2
236,112,1
237,112,2
238,112,3
239,113,1
240,113,2
241,113,3
242,114,1
243,114,2
244,114,3
245,115,1
246,115,2
247,116,1
248,116,2
249,116,3
250,117,1
251,117,2
252,118,1
253,118,2
254,118,3
255,119,1
256,119,2
257,119,3
258,120,1
259,120,2
260,120,3
261,121,1
262,121,2
263,122,1
264,122,2
265,123,1
266,123,2
267,123,3
268,124,1
269,124,2
270,124,3
271,125,1
272,125,2
273,125,3
274,126,1
275,126,2
276,127,1
277,127,2
278,128,1
279,128,2
280,129,1
281,129,2
282,129,3
283,130,1
284,130,2
285,131,1
286,131,2
287,132,1
288,133,1
289,133,2
290,133,3
291,134,1
292,134,2
293,135,1
294,135,2
295,136,1
296,136,2
297,136,3
298,136,4
299,137,1
300,137,2
301,138,1
302,138,2
303,138,3
304,139,1
305,139,2
306,140,1
307,141,1
308,142,1
309,142,2
310,142,3
311,143,1
312,143,2
313,144,1
314,144,2
315,145,1
316,145,2
317,146,1
318,146,2
319,146,3
320,147,1
321,147,2
322,147,3
323,148,1
324,148,2
325,149,1
326,149,2
327,150,1
328,150,2
329,151,1
330,152,1
331,153,1
332,154,1
333,155,1
334,156,1
335,157,1
336,157,2
337,158,1
338,158,2
339,158,3
340,158,4
341,159,1
342,159,2
343,159,3
344,160,1
345,160,2
346,160,3
347,161,1
348,161,2
349,161,3
350,162,1
351,162,2
352,163,1
353,164,1
354,164,2
355,165,1
356,165,2
357,166,1
358,166,2
359,167,1
360,167,2
361,168,1
362,169,1
363,170,1
364,170,2
365,170,3
366,170,4
367,170,5
368,171,1
369,171,2
370,171,3
371,172,1
372,172,2
373,172,3
374,172,4
375,173,1
376,173,2
377,173,3
378,174,1
379,174,2
380,174,3
381,175,1
382,175,2
383,175,3
384,176,1
385,176,2
386,176,3
387,177,1
388,177,2
389,178,1
390,179,1
391,180,1
392,180,2
393,180,3
394,181,1
395,181,2
396,181,3
397,182,1
398,182,2
399,183,1
400,183,2
401,183,3
402,184,1
403,185,1
404,185,2
405,185,3
406,185,4
407,186,1
408,186,2
409,186,3
410,186,4
411,187,1
412,187,2
413,187,3
414,188,1
415,188,2
416,188,3
417,189,1
418,189,2
419,189,3
420,190,1
421,190,2
422,191,1
423,191,2
424,191,3
425,192,1
426,192,2
427,192,3
428,193,1
429,193,2
430,193,3
431,194,1
432,194,2
433,194,3
434,195,1
435,195,2
436,195,3
437,196,1
438,197,1
439,198,1
440,199,1
441,200,1
442,201,1
443,202,1
444,203,1
445,203,2
446,204,1
447,205,1
448,205,2
449,205,3
450,206,1
451,206,2
452,206,3
453,207,1
454,207,2
455,208,1
456,208,2
457,209,1
458,209,2
459,210,1
460,211,1
461,212,1
462,212,2
463,212,3
464,213,1
465,214,1
466,215,1
467,215,2
468,216,1
469,217,1
470,217,2
471,218,1
472,219,1
473,220,1
474,221,1
475,221,2
476,221,3
477,222,1
478,222,2
479,223,1
480,224,1
481,225,1
482,225,2
483,226,1
484,226,2
485,227,1
486,228,1
487,228,2
488,228,3
489,229,1
490,229,2
491,229,3
492,230,1
493,230,2
494,230,3
495,231,1
496,231,2
497,232,1
498,232,2
499,232,3
500,233,1
501,233,2
502,233,3
503,234,1
504,234,2
505,234,3
506,234,4
507,235,1
508,235,2
509,235,3
510,236,1
511,236,2
512,236,3
513,237,1
514,237,2
515,237,3
516,238,1
517,238,2
518,238,3
519,239,1
520,239,2
521,240,1
522,240,2
523,240,3
524,241,1
525,242,1
526,242,2
527,242,3
528,242,4
529,243,1
530,243,2
531,244,1
532,244,2
533,245,1
534,245,2
535,245,3
536,246,1
537,246,2
538,246,3
539,247,1
540,247,2
541,248,1
542,248,2
543,248,3
544,249,1
545,249,2
546,249,3
547,250,1
548,250,2
549,251,1
550,251,2
551,252,1
552,252,2
553,253,1
554,253,2
555,254,1
556,254,2
557,254,3
558,255,1
559,255,2
560,255,3
561,256,1
562,256,2
563,256,3
564,257,1
565,257,2
566,258,1
567,258,2
568,258,3
569,259,1
570,259,2
571,259,3
572,260,1
573,260,2
574,260,3
575,261,1
576,261,2
577,261,3
578,262,1
579,262,2
580,263,1
581,263,2
582,264,1
583,264,2
584,265,1
585,265,2
586,265,3
587,266,1
588,266,2
589,267,1
590,267,2
591,267,3
592,268,1
593,268,2
594,269,1
595,269,2
596,270,1
597,271,1
598,272,1
599,272,2
600,272,3
601,273,1
602,274,1
603,274,2
604,274,3
605,275,1
606,275,2
607,276,1
608,276,2
609,276,3
610,277,1
611,277,2
612,278,1
613,279,1
614,279,2
615,280,1
616,280,2
617,281,1
618,282,1
619,282,2
620,282,3
621,283,1
622,284,1
623,284,2
624,284,3
625,285,1
626,286,1
627,286,2
628,287,1
629,287,2
630,288,1
631,288,2
632,289,1
633,290,1
634,291,1
635,291,2
636,292,1
637,292,2
638,292,3
639,293,1
640,293,2
641,293,3
642,294,1
643,294,2
644,294,3
645,295,1
646,296,1
647,296,2
648,297,1
649,297,2
650,298,1
651,299,1
652,299,2
653,300,1
654,300,2
655,301,1
656,301,2
657,302,1
658,302,2
659,303,1
660,303,2
661,304,1
662,304,2
663,305,1
664,306,1
665,307,1
666,308,1
667,309,1
668,309,2
669,310,1
670,311,1
671,311,2
672,312,1
673,313,1
674,314,1
675,315,1
676,316,1
677,317,1
678,318,1
679,319,1
680,320,1
681,321,1
682,322,1
683,323,1
684,323,2
685,323,3
686,324,1
687,325,1
688,326,1
689,326,2
690,327,1
691,327,2
692,328,1
693,328,2
694,329,1
695,329,2
696,330,1
697,331,1
698,331,2
699,332,1
700,333,1
701,334,1
702,335,1
703,335,2
704,336,1
705,336,2
706,337,1
707,337,2
708,338,1
709,338,2
710,339,1
711,339,2
712,340,1
713,341,1
714,342,1
715,342,2
716,343,1
717,343,2
718,344,1
719,345,1
720,346,1
721,347,1
722,348,1
723,349,1
724,349,2
725,350,1
726,350,2
727,351,1
728,352,1
729,352,2
730,353,1
731,353,2
732,354,1
733,354,2
734,355,1
735,356,1
736,357,1
737,357,2
738,358,1
739,359,1
740,359,2
741,360,1
742,361,1
743,361,2
744,362,1
745,362,2
746,363,1
747,363,2
748,364,1
749,365,1
750,365,2
751,366,1
752,367,1
753,367,2
754,368,1
755,369,1
756,370,1
757,370,2
758,371,1
759,372,1
760,373,1
761,374,1
762,375,1
763,376,1
764,377,1
765,377,2
766,378,1
767,379,1
768,380,1
769,381,1
770,381,2
771,381,3
772,382,1
773,382,2
774,382,3
775,382,4
776,383,1
777,384,1
778,385,1
779,385,2
780,385,3
781,386,1
782,386,2
783,386,3
784,387,1
785,387,2
786,388,1
787,389,1
788,390,1
789,390,2
790,391,1
791,391,2
792,392,1
793,392,2
794,392,3
795,393,1
796,394,1
797,395,1
798,396,1
799,396,2
800,397,1
801,397,2
802,398,1
803,398,2
804,399,1
805,399,2
806,400,1
807,400,2
808,401,1
809,401,2
810,401,3
811,402,1
812,402,2
813,403,1
814,403,2
815,404,1
816,405,1
817,406,1
818,407,1
819,408,1
820,408,2
821,409,1
822,409,2
823,409,3
824,410,1
825,410,2
826,411,1
827,412,1
828,412,2
829,413,1
830,413,2
831,414,1
832,415,1
833,415,2
834,416,1
835,417,1
836,417,2
837,418,1
838,418,2
839,419,1
840,419,2
841,419,3
842,420,1
843,421,1
844,421,2
845,422,1
846,423,1
847,424,1
848,425,1
849,426,1
850,426,2
851,427,1
852,427,2
853,428,1
854,428,2
855,429,1
856,429,2
857,430,1
858,430,2
859,430,3
860,431,1
861,431,2
862,431,3
863,432,1
864,432,2
865,432,3
866,433,1
867,433,2
868,433,3
869,434,1
870,434,2
871,435,1
872,435,2
873,436,1
874,436,2
875,437,1
876,437,2
877,438,1
878,438,2
879,439,1
880,439,2
881,440,1
882,440,2
883,441,1
884,442,1
885,442,2
886,443,1
887,444,1
888,444,2
889,445,1
890,445,2
891,446,1
892,446,2
893,447,1
894,448,1
895,448,2
896,449,1
897,449,2
898,450,1
899,450,2
900,450,3
901,451,1
902,451,2
903,452,1
904,452,2
905,453,1
906,453,2
907,454,1
908,454,2
909,454,3
910,455,1
911,455,2
912,455,3
913,456,1
914,456,2
915,457,1
916,457,2
917,458,1
918,458,2
919,459,1
920,459,2
921,459,3
922,460,1
923,461,1
924,462,1
925,463,1
926,464,1
927,464,2
928,465,1
929,465,2
930,466,1
931,466,2
932,466,3
933,467,1
934,467,2
935,467,3
936,468,1
937,468,2
938,469,1
939,470,1
940,471,1
941,472,1
942,472,2
943,473,1
944,474,1
945,475,1
946,476,1
947,476,2
948,476,3
949,477,1
950,478,1
951,479,1
952,480,1
953,481,1
954,482,1
955,482,2
956,483,1
957,483,2
958,484,1
959,484,2
960,485,1
961,485,2
962,486,1
963,486,2
964,486,3
965,487,1
966,487,2
967,488,1
968,488,2
969,488,3
970,489,1
971,489,2
972,489,3
973,489,4
974,490,1
975,490,2
976,490,3
977,490,4
978,490,5
979,491,1
980,491,2
981,492,1
982,492,2
983,493,1
984,493,2
985,493,3
986,494,1
987,494,2
988,495,1
989,495,2
990,496,1
991,496,2
992,497,1
993,497,2
994,498,1
995,499,1
996,499,2
997,500,1
998,500,2
999,501,1
1000,501,2
1001,502,1
1002,502,2
1003,503,1
1004,503,2
1005,504,1
1006,505,1
1007,505,2
1008,506,1
1009,506,2
1010,507,1
1011,508,1
1012,509,1
1013,509,2
1014,510,1
1015,510,2
1016,511,1
1017,511,2
1018,512,1
1019,512,2
1020,513,1
1021,513,2
1022,514,1
1023,514,2
1024,515,1
1025,515,2
1026,516,1
1027,516,2
1028,516,3
1029,517,1
1030,517,2
1031,517,3
1032,518,1
1033,518,2
1034,518,3
1035,519,1
1036,519,2
1037,519,3
1038,520,1
1039,520,2
1040,521,1
1041,521,2
1042,521,3
1043,522,1
1044,522,2
1045,522,3
1046,523,1
1047,523,2
1048,523,3
1049,524,1
1050,524,2
1051,525,1
1052,525,2
1053,525,3
1054,526,1
1055,526,2
1056,526,3
1057,527,1
1058,528,1
1059,529,1
1060,529,2
1061,529,3
1062,530,1
1063,530,2
1064,530,3
1065,531,1
1066,532,1
1067,533,1
1068,534,1
1069,534,2
1070,535,1
1071,535,2
1072,536,1
1073,536,2
1074,537,1
1075,537,2
1076,538,1
1077,539,1
1078,540,1
1079,540,2
1080,541,1
1081,541,2
1082,542,1
1083,542,2
1084,543,1
1085,543,2
1086,544,1
1087,544,2
1088,545,1
1089,546,1
1090,546,2
1091,547,1
1092,547,2
1093,548,1
1094,548,2
1095,549,1
1096,550,1
1097,551,1
1098,552,1
1099,553,1
1100,554,1
1101,555,1
1102,556,1
1103,557,1
1104,558,1
1105,558,2
1106,559,1
1107,560,1
1108,561,1
1109,561,2
1110,562,1
1111,563,1
1112,563,2
1113,564,1
1114,565,1
1115,565,2
1116,566,1
1117,567,1
1118,567,2
1119,568,1
1120,568,2
1121,569,1
1122,569,2
1123,570,1
1124,571,1
1125,571,2
1126,572,1
1127,572,2
1128,573,1
1129,573,2
1130,574,1
1131,575,1
1132,576,1
1133,577,1
1134,578,1
1135,579,1
1136,580,1
1137,581,1
1138,582,1
1139,582,2
1140,582,3
1141,583,1
1142,584,1
1143,585,1
1144,586,1
1145,587,1
1146,588,1
1147,588,2
1148,589,1
1149,590,1
1150,590,2
1151,591,1
1152,591,2
1153,592,1
1154,593,1
1155,593,2
1156,594,1
1157,594,2
1158,595,1
1159,595,2
1160,596,1
1161,596,2
1162,597,1
1163,597,2
1164,598,1
1165,598,2
1166,599,1
1167,599,2
1168,600,1
1169,600,2
1170,601,1
1171,601,2
1172,601,3
1173,602,1
1174,602,2
1175,602,3
1176,602,4
1177,603,1
1178,603,2
1179,604,1
1180,604,2
1181,605,1
1182,605,2
1183,606,1
1184,607,1
1185,607,2
1186,607,3
1187,608,1
1188,608,2
1189,609,1
1190,610,1
1191,610,2
1192,611,1
1193,611,2
1194,612,1
1195,613,1
1196,614,1
1197,614,2
1198,615,1
1199,615,2
1200,615,3
1201,616,1
1202,616,2
1203,617,1
1204,617,2
1205,617,3
1206,618,1
1207,619,1
1208,619,2
1209,619,3
1210,620,1
1211,620,2
1212,620,3
1213,621,1
1214,621,2
1215,622,1
1216,622,2
1217,623,1
1218,623,2
1219,624,1
1220,625,1
1221,625,2
1222,626,1
1223,627,1
1224,628,1
1225,628,2
1226,629,1
1227,629,2
1228,630,1
1229,630,2
1230,631,1
1231,631,2
1232,632,1
1233,632,2
1234,633,1
1235,633,2
1236,633,3
1237,634,1
1238,634,2
1239,635,1
1240,636,1
1241,636,2
1242,637,1
1243,638,1
1244,639,1
1245,640,1
1246,641,1
1247,641,2
1248,642,1
1249,643,1
1250,644,1
1251,645,1
1252,646,1
1253,647,1
1254,648,1
1255,649,1
1256,649,2
1257,650,1
1258,651,1
1259,651,2
1260,652,1
1261,653,1
1262,654,1
1263,655,1
1264,655,2
1265,656,1
1266,657,1
1267,658,1
1268,658,2
1269,659,1
1270,660,1
1271,661,1
1272,662,1
1273,663,1
1274,663,2
1275,664,1
1276,665,1
1277,666,1
1278,667,1
1279,667,2
1280,668,1
1281,668,2
1282,669,1
1283,670,1
1284,671,1
1285,672,1
1286,673,1
1287,673,2
1288,674,1
1289,674,2
1290,675,1
1291,676,1
1292,677,1
1293,678,1
1294,679,1
1295,680,1
1296,681,1
1297,682,1
1298,683,1
1299,683,2
1300,684,1
1301,685,1
1302,686,1
1303,687,1
1304,688,1
1305,689,1
1306,689,2
1307,690,1
1308,690,2
1309,691,1
1310,692,1
1311,693,1
1312,693,2
1313,694,1
1314,695,1
1315,696,1
1316,697,1
1317,698,1
1318,698,2
1319,699,1
1320,700,1
1321,701,1
1322,702,1
1323,703,1
1324,704,1
1325,705,1
1326,706,1
1327,707,1
1328,708,1
1329,709,1
1330,710,1
1331,711,1
1332,712,1
1333,713,1
1334,714,1
1335,715,1
1336,715,2
1337,716,1
1338,717,1
1339,717,2
1340,718,1
1341,718,2
1342,719,1
1343,720,1
1344,721,1
1345,722,1
1346,723,1
1347,723,2
1348,723,3
1349,724,1
1350,725,1
1351,726,1
1352,726,2
1353,727,1
1354,728,1
1355,728,2
1356,729,1
1357,729,2
1358,730,1
1359,731,1
1360,731,2
1361,732,1
1362,732,2
1363,733,1
1364,734,1
1365,735,1
1366,736,1
1367,737,1
1368,738,1
1369,738,2
1370,739,1
1371,739,2
1372,740,1
1373,741,1
1374,742,1
1375,743,1
1376,744,1
1377,745,1
1378,745,2
1379,746,1
1380,746,2
1381,747,1
1382,747,2
1383,748,1
1384,748,2
1385,749,1
1386,749,2
1387,750,1
1388,750,2
1389,751,1
1390,751,2
1391,752,1
1392,752,2
1393,753,1
1394,753,2
1395,754,1
1396,755,1
1397,756,1
1398,757,1
1399,758,1
1400,758,2
1401,759,1
1402,759,2
1403,760,1
1404,760,2
1405,761,1
1406,761,2
1407,762,1
1408,763,1
1409,763,2
1410,763,3
1411,764,1
1412,765,1
1413,765,2
1414,766,1
1415,767,1
1416,767,2
1417,768,1
1418,768,2
1419,769,1
1420,770,1
1421,771,1
1422,772,1
1423,773,1
1424,774,1
1425,774,2
1426,775,1
1427,775,2
1428,775,3
1429,776,1
1430,777,1
1431,777,2
1432,778,1
1433,778,2
1434,778,3
1435,779,1
1436,779,2
1437,779,3
1438,779,4
1439,780,1
1440,780,2
1441,780,3
1442,781,1
1443,781,2
1444,782,1
1445,783,1
1446,783,2
1447,784,1
1448,784,2
1449,785,1
1450,785,2
1451,786,1
1452,786,2
1453,787,1
1454,787,2
1455,787,3
1456,787,4
1457,788,1
1458,788,2
1459,789,1
1460,790,1
1461,790,2
1462,790,3
1463,791,1
1464,791,2
1465,792,1
1466,792,2
1467,793,1
1468,794,1
1469,794,2
1470,794,3
1471,794,4
1472,795,1
1473,795,2
1474,796,1
1475,797,1
1476,797,2
1477,798,1
1478,798,2
1479,798,3
1480,799,1
1481,799,2
1482,799,3
1483,800,1
1484,801,1
1485,802,1
1486,803,1
1487,803,2
1488,804,1
1489,805,1
1490,805,2
1491,805,3
1492,806,1
1493,806,2
1494,807,1
1495,807,2
1496,808,1
1497,809,1
1498,810,1
1499,811,1
1500,812,1
1501,813,1
1502,814,1
1503,815,1
1504,815,2
1505,816,1
1506,816,2
1507,817,1
1508,817,2
1509,818,1
1510,818,2
1511,818,3
1512,819,1
1513,819,2
1514,820,1
1515,820,2
1516,821,1
1517,821,2
1518,822,1
1519,823,1
1520,823,2
1521,824,1
1522,824,2
1523,825,1
1524,825,2
1525,825,3
1526,826,1
1527,826,2
1528,827,1
1529,827,2
1530,827,3
1531,827,4
1532,828,1
1533,828,2
1534,829,1
1535,830,1
1536,830,2
1537,831,1
1538,831,2
1539,832,1
1540,832,2
1541,832,3
1542,833,1
1543,833,2
1544,833,3
1545,834,1
1546,834,2
1547,834,3
1548,835,1
1549,835,2
1550,835,3
1551,836,1
1552,836,2
1553,837,1
1554,838,1
1555,838,2
1556,839,1
1557,839,2
1558,839,3
1559,840,1
1560,840,2
1561,840,3
1562,841,1
1563,842,1
1564,842,2
1565,843,1
1566,843,2
1567,843,3
1568,843,4
1569,844,1
1570,845,1
1571,845,2
1572,846,1
1573,847,1
1574,848,1
1575,848,2
1576,849,1
1577,849,2
1578,850,1
1579,850,2
1580,851,1
1581,852,1
1582,853,1
1583,854,1
1584,855,1
1585,856,1
1586,857,1
1587,858,1
1588,859,1
1589,859,2
1590,860,1
1591,861,1
1592,862,1
1593,862,2
1594,863,1
1595,864,1
1596,864,2
1597,865,1
1598,865,2
1599,866,1
1600,866,2
1601,867,1
1602,867,2
1603,867,3
1604,868,1
1605,868,2
1606,869,1
1607,869,2
1608,870,1
1609,871,1
1610,872,1
1611,873,1
1612,873,2
1613,874,1
1614,874,2
1615,874,3
1616,875,1
1617,876,1
1618,877,1
1619,877,2
1620,877,3
1621,878,1
1622,878,2
1623,878,3
1624,879,1
1625,879,2
1626,879,3
1627,879,4
1628,880,1
1629,880,2
1630,880,3
1631,881,1
1632,881,2
1633,882,1
1634,882,2
1635,883,1
1636,883,2
1637,884,1
1638,884,2
1639,885,1
1640,885,2
1641,886,1
1642,887,1
1643,887,2
1644,888,1
1645,888,2
1646,889,1
1647,889,2
1648,890,1
1649,891,1
1650,891,2
1651,891,3
1652,892,1
1653,892,2
1654,893,1
1655,894,1
1656,895,1
1657,895,2
1658,896,1
1659,896,2
1660,897,1
1661,897,2
1662,898,1
1663,899,1
1664,900,1
1665,901,1
1666,902,1
1667,903,1
1668,904,1
1669,905,1
1670,905,2
1671,905,3
1672,906,1
1673,906,2
1674,907,1
1675,907,2
1676,908,1
1677,908,2
1678,908,3
1679,909,1
1680,910,1
1681,910,2
1682,911,1
1683,912,1
1684,912,2
1685,913,1
1686,914,1
1687,915,1
1688,916,1
1689,916,2
1690,917,1
1691,918,1
1692,918,2
1693,919,1
1694,920,1
1695,921,1
1696,922,1
1697,923,1
1698,924,1
1699,925,1
1700,926,1
1701,927,1
1702,928,1
1703,929,1
1704,930,1
1705,931,1
1706,931,2
1707,932,1
1708,932,2
1709,932,3
1710,933,1
1711,934,1
1712,934,2
1713,935,1
1714,935,2
1715,936,1
1716,937,1
1717,937,2
1718,938,1
1719,939,1
1720,939,2
1721,940,1
1722,940,2
1723,941,1
1724,941,2
1725,942,1
1726,943,1
1727,944,1
1728,945,1
1729,946,1
1730,947,1
1731,947,2
1732,947,3
1733,948,1
1734,948,2
1735,948,3
1736,948,4
1737,949,1
1738,949,2
1739,950,1
1740,950,2
1741,951,1
1742,951,2
1743,951,3
1744,952,1
1745,952,2
1746,953,1
1747,953,2
1748,954,1
1749,954,2
1750,955,1
1751,956,1
1752,957,1
1753,957,2
1754,957,3
1755,958,1
1756,958,2
1757,958,3
1758,959,1
1759,960,1
1760,961,1
1761,962,1
1762,962,2
1763,962,3
1764,963,1
1765,963,2
1766,963,3
1767,964,1
1768,965,1
1769,966,1
1770,966,2
1771,967,1
1772,967,2
1773,967,3
1774,968,1
1775,968,2
1776,969,1
1777,970,1
1778,971,1
1779,971,2
1780,971,3
1781,972,1
1782,972,2
1783,972,3
1784,973,1
1785,974,1
1786,975,1
1787,975,2
1788,976,1
1789,977,1
1790,977,2
1791,978,1
1792,979,1
1793,980,1
1794,980,2
1795,981,1
1796,982,1
1797,983,1
1798,983,2
1799,984,1
1800,985,1
1801,985,2
1802,985,3
1803,986,1
1804,986,2
1805,987,1
1806,988,1
1807,989,1
1808,989,2
1809,990,1
1810,991,1
1811,992,1
1812,993,1
1813,994,1
1814,995,1
1815,995,2
1816,996,1
1817,997,1
1818,997,2
1819,998,1
1820,998,2
1821,999,1
1822,999,2
1823,1000,1
1824,1000,2
1825,1001,1
1826,1001,2
1827,1002,1
1828,1002,2
1829,1003,1
1830,1004,1
1831,1004,2
1832,1005,1
1833,1005,2
1834,1006,1
1835,1006,2
1836,1007,1
1837,1007,2
1838,1008,1
1839,1009,1
1840,1010,1
1841,1011,1
1842,1012,1
1843,1012,2
1844,1013,1
1845,1013,2
1846,1014,1
1847,1014,2
1848,1015,1
1849,1016,1
1850,1017,1
1851,1018,1
1852,1018,2
1853,1019,1
1854,1020,1
1855,1020,2
1856,1021,1
1857,1022,1
1858,1023,1
1859,1024,1
1860,1024,2
1861,1025,1
1862,1025,2
1863,1026,1
1864,1026,2
1865,1027,1
1866,1027,2
1867,1028,1
1868,1028,2
1869,1029,1
1870,1029,2
1871,1030,1
1872,1030,2
1873,1031,1
1874,1031,2
1875,1032,1
1876,1032,2
1877,1033,1
1878,1034,1
1879,1034,2
1880,1035,1
1881,1035,2
1882,1036,1
1883,1036,2
1884,1037,1
1885,1037,2
1886,1038,1
1887,1038,2
1888,1039,1
1889,1040,1
1890,1041,1
1891,1042,1
1892,1042,2
1893,1042,3
1894,1043,1
1895,1043,2
1896,1043,3
1897,1044,1
1898,1045,1
1899,1046,1
1900,1047,1
1901,1048,1
1902,1049,1
1903,1049,2
1904,1049,3
1905,1049,4
1906,1050,1
1907,1050,2
1908,1051,1
1909,1051,2
1910,1051,3
1911,1052,1
1912,1052,2
1913,1052,3
1914,1053,1
1915,1054,1
1916,1054,2
1917,1055,1
1918,1055,2
1919,1056,1
1920,1056,2
1921,1057,1
1922,1058,1
1923,1058,2
1924,1058,3
1925,1059,1
1926,1059,2
1927,1059,3
1928,1060,1
1929,1061,1
1930,1062,1
1931,1063,1
1932,1063,2
1933,1064,1
1934,1064,2
1935,1065,1
1936,1066,1
1937,1067,1
1938,1068,1
1939,1069,1
1940,1070,1
1941,1071,1
1942,1072,1
1943,1073,1
1944,1074,1
1945,1074,2
1946,1075,1
1947,1076,1
1948,1076,2
1949,1077,1
1950,1077,2
1951,1078,1
1952,1079,1
1953,1079,2
1954,1080,1
1955,1080,2
1956,1081,1
1957,1082,1
1958,1083,1
1959,1084,1
1960,1085,1
1961,1085,2
1962,1085,3
1963,1086,1
1964,1086,2
1965,1086,3
1966,1087,1
1967,1087,2
1968,1088,1
1969,1088,2
1970,1089,1
1971,1090,1
1972,1090,2
1973,1091,1
1974,1092,1
1975,1093,1
1976,1094,1
1977,1095,1
1978,1095,2
1979,1096,1
1980,1096,2
1981,1097,1
1982,1098,1
1983,1098,2
1984,1098,3
1985,1099,1
1986,1100,1
1987,1101,1
1988,1102,1
1989,1103,1
1990,1104,1
1991,1105,1
1992,1106,1
1993,1107,1
1994,1108,1
1995,1108,2
1996,1108,3
1997,1109,1
1998,1110,1
1999,1110,2
2000,1111,1
2001,1112,1
2002,1112,2
2003,1113,1
2004,1114,1
2005,1114,2
2006,1115,1
2007,1115,2
2008,1116,1
2009,1117,1
2010,1117,2
2011,1117,3
2012,1118,1
2013,1119,1
2014,1120,1
2015,1121,1
2016,1121,2
2017,1122,1
2018,1122,2
2019,1123,1
2020,1123,2
2021,1124,1
2022,1124,2
2023,1125,1
2024,1126,1
2025,1127,1
2026,1128,1
2027,1129,1
2028,1130,1
2029,1131,1
2030,1132,1
2031,1133,1
2032,1134,1
2033,1134,2
2034,1134,3
2035,1135,1
2036,1136,1
2037,1136,2
2038,1136,3
2039,1137,1
2040,1137,2
2041,1138,1
2042,1138,2
2043,1138,3
2044,1139,1
2045,1139,2
2046,1139,3
2047,1140,1
2048,1140,2
2049,1140,3
2050,1141,1
2051,1141,2
2052,1142,1
2053,1142,2
2054,1142,3
2055,1143,1
2056,1143,2
2057,1143,3
2058,1144,1
2059,1144,2
2060,1145,1
2061,1145,2
2062,1145,3
2063,1146,1
2064,1146,2
2065,1146,3
2066,1147,1
2067,1147,2
2068,1147,3
2069,1148,1
2070,1149,1
2071,1149,2
2072,1150,1
2073,1151,1
2074,1152,1
2075,1153,1
2076,1153,2
2077,1153,3
2078,1154,1
2079,1155,1
2080,1155,2
2081,1155,3
2082,1156,1
2083,1156,2
2084,1157,1
2085,1157,2
2086,1157,3
2087,1158,1
2088,1158,2
2089,1159,1
2090,1159,2
2091,1160,1
2092,1160,2
2093,1160,3
2094,1161,1
2095,1161,2
2096,1161,3
2097,1162,1
2098,1162,2
2099,1162,3
2100,1163,1
2101,1163,2
2102,1163,3
2103,1164,1
2104,1164,2
2105,1164,3
2106,1165,1
2107,1165,2
2108,1166,1
2109,1167,1
2110,1167,2
2111,1167,3
2112,1168,1
2113,1168,2
2114,1168,3
2115,1169,1
2116,1169,2
2117,1170,1
2118,1171,1
2119,1171,2
2120,1171,3
2121,1172,1
2122,1172,2
2123,1172,3
2124,1173,1
2125,1173,2
2126,1174,1
2127,1175,1
2128,1176,1
2129,1177,1
2130,1178,1
2131,1178,2
2132,1179,1
2133,1179,2
2134,1180,1
2135,1181,1
2136,1182,1
2137,1183,1
2138,1184,1
2139,1184,2
2140,1185,1
2141,1186,1
2142,1187,1
2143,1188,1
2144,1189,1
2145,1190,1
2146,1191,1
2147,1192,1
2148,1193,1
2149,1194,1
2150,1194,2
2151,1194,3
2152,1195,1
2153,1196,1
2154,1197,1
2155,1198,1
2156,1199,1
2157,1200,1
2158,1201,1
2159,1202,1
2160,1203,1
2161,1204,1
2162,1205,1
2163,1206,1
2164,1207,1
2165,1208,1
2166,1209,1
2167,1210,1
2168,1211,1
2169,1212,1
2170,1213,1
2171,1214,1
2172,1215,1
2173,1215,2
2174,1216,1
2175,1216,2
2176,1217,1
2177,1217,2
2178,1218,1
2179,1218,2
2180,1219,1
2181,1220,1
2182,1221,1
2183,1222,1
2184,1223,1
2185,1224,1
2186,1224,2
2187,1225,1
2188,1226,1
2189,1226,2
2190,1227,1
2191,1227,2
2192,1228,1
2193,1229,1
2194,1229,2
2195,1230,1
2196,1230,2
2197,1231,1
2198,1232,1
2199,1233,1
2200,1233,2
2201,1234,1
2202,1234,2
2203,1235,1
2204,1235,2
2205,1236,1
2206,1236,2
2207,1237,1
2208,1237,2
2209,1238,1
2210,1239,1
2211,1239,2
2212,1240,1
2213,1240,2
2214,1240,3
2215,1241,1
2216,1241,2
2217,1242,1
2218,1242,2
2219,1243,1
2220,1243,2
2221,1244,1
2222,1244,2
2223,1245,1
2224,1245,2
2225,1246,1
2226,1246,2
2227,1247,1
2228,1248,1
2229,1249,1
2230,1250,1
2231,1250,2
2232,1251,1
2233,1251,2
2234,1252,1
2235,1252,2
2236,1253,1
2237,1253,2
2238,1254,1
2239,1254,2
2240,1255,1
2241,1255,2
2242,1255,3
2243,1256,1
2244,1256,2
2245,1257,1
2246,1257,2
2247,1258,1
2248,1258,2
2249,1259,1
2250,1259,2
2251,1260,1
2252,1261,1
2253,1262,1
2254,1263,1
2255,1264,1
2256,1265,1
2257,1265,2
2258,1266,1
2259,1267,1
2260,1268,1
2261,1268,2
2262,1269,1
2263,1269,2
2264,1270,1
2265,1270,2
2266,1271,1
2267,1271,2
2268,1272,1
2269,1272,2
2270,1273,1
2271,1274,1
2272,1275,1
2273,1276,1
2274,1276,2
2275,1276,3
2276,1277,1
2277,1277,2
2278,1278,1
2279,1279,1
2280,1279,2
2281,1280,1
2282,1280,2
2283,1281,1
2284,1282,1
2285,1283,1
2286,1284,1
2287,1284,2
2288,1285,1
2289,1285,2
2290,1286,1
2291,1286,2
2292,1287,1
2293,1288,1
2294,1289,1
2295,1290,1
2296,1291,1
2297,1291,2
2298,1292,1
2299,1292,2
2300,1293,1
2301,1293,2
2302,1294,1
2303,1294,2
2304,1295,1
2305,1295,2
2306,1296,1
2307,1296,2
2308,1297,1
2309,1298,1
2310,1298,2
2311,1299,1
2312,1299,2
2313,1300,1
2314,1300,2
2315,1301,1
2316,1302,1
2317,1302,2
2318,1303,1
2319,1304,1
2320,1304,2
2321,1305,1
2322,1306,1
2323,1307,1
2324,1308,1
2325,1309,1
2326,1310,1
2327,1311,1
2328,1312,1
2329,1313,1
2330,1314,1
2331,1315,1
2332,1316,1
2333,1317,1
2334,1318,1
2335,1319,1
2336,1319,2
2337,1320,1
2338,1320,2
2339,1321,1
2340,1322,1
2341,1323,1
2342,1324,1
2343,1325,1
2344,1326,1
2345,1327,1
2346,1327,2
2347,1328,1
2348,1329,1
2349,1329,2
2350,1330,1
2351,1331,1
2352,1332,1
2353,1333,1
2354,1333,2
2355,1334,1
2356,1334,2
2357,1335,1
2358,1335,2
2359,1336,1
2360,1336,2
2361,1337,1
2362,1338,1
2363,1338,2
2364,1339,1
2365,1339,2
2366,1340,1
2367,1340,2
2368,1341,1
2369,1342,1
2370,1343,1
2371,1344,1
2372,1345,1
2373,1346,1
2374,1347,1
2375,1348,1
2376,1349,1
2377,1350,1
2378,1351,1
2379,1352,1
2380,1353,1
2381,1354,1
2382,1354,2
2383,1355,1
2384,1356,1
2385,1357,1
2386,1358,1
2387,1359,1
2388,1360,1
2389,1361,1
2390,1362,1
2391,1363,1
2392,1363,2
2393,1364,1
2394,1364,2
2395,1365,1
2396,1366,1
2397,1367,1
2398,1368,1
2399,1369,1
2400,1370,1
2401,1371,1
2402,1372,1
2403,1373,1
2404,1374,1
2405,1375,1
2406,1375,2
2407,1376,1
2408,1376,2
2409,1377,1
2410,1378,1
2411,1379,1
2412,1380,1
2413,1381,1
2414,1382,1
2415,1382,2
2416,1383,1
2417,1383,2
2418,1384,1
2419,1385,1
2420,1386,1
2421,1387,1
2422,1387,2
2423,1388,1
2424,1389,1
2425,1389,2
2426,1390,1
2427,1391,1
2428,1392,1
2429,1393,1
2430,1394,1
2431,1395,1
2432,1396,1
2433,1396,2
2434,1397,1
2435,1398,1
2436,1399,1
2437,1399,2
2438,1400,1
2439,1401,1
2440,1401,2
2441,1402,1
2442,1403,1
2443,1404,1
2444,1405,1
2445,1406,1
2446,1407,1
2447,1408,1
2448,1409,1
2449,1410,1
2450,1411,1
2451,1412,1
2452,1413,1
2453,1413,2
2454,1414,1
2455,1414,2
2456,1415,1
2457,1415,2
2458,1416,1
2459,1417,1
2460,1418,1
2461,1419,1
2462,1420,1
2463,1421,1
2464,1422,1
2465,1422,2
2466,1423,1
2467,1424,1
2468,1425,1
2469,1426,1
2470,1427,1
2471,1428,1
2472,1428,2
2473,1429,1
2474,1430,1
2475,1431,1
2476,1432,1
2477,1433,1
2478,1433,2
2479,1434,1
2480,1435,1
2481,1435,2
2482,1436,1
2483,1436,2
2484,1437,1
2485,1437,2
2486,1438,1
2487,1438,2
2488,1439,1
2489,1440,1
2490,1441,1
2491,1442,1
2492,1443,1
2493,1444,1
2494,1445,1
2495,1446,1
2496,1447,1
2497,1447,2
2498,1448,1
2499,1449,1
2500,1450,1
2501,1451,1
2502,1452,1
2503,1452,2
2504,1453,1
2505,1453,2
2506,1454,1
2507,1454,2
2508,1455,1
2509,1455,2
2510,1456,1
2511,1456,2
2512,1457,1
2513,1457,2
2514,1458,1
2515,1458,2
2516,1459,1
2517,1460,1
2518,1461,1
2519,1462,1
2520,1463,1
2521,1464,1
2522,1465,1
2523,1466,1
2524,1467,1
2525,1468,1
2526,1469,1
2527,1470,1
2528,1471,1
2529,1472,1
2530,1473,1
2531,1474,1
2532,1475,1
2533,1476,1
2534,1477,1
2535,1478,1
2536,1479,1
2537,1480,1
2538,1481,1
2539,1482,1
2540,1483,1
2541,1484,1
2542,1485,1
2543,1486,1
2544,1487,1
2545,1488,1
2546,1489,1
2547,1490,1
2548,1491,1
2549,1492,1
2550,1493,1
2551,1494,1
2552,1495,1
2553,1496,1
2554,1497,1
2555,1498,1
2556,1499,1
2557,1500,1
2558,1501,1
2559,1502,1
2560,1503,1
2561,1504,1
2562,1505,1
2563,1506,1
2564,1507,1
2565,1508,1
2566,1509,1
2567,1510,1
2568,1511,1
2569,1511,2
2570,1512,1
2571,1512,2
2572,1513,1
2573,1514,1
2574,1515,1
2575,1516,1
2576,1517,1
2577,1518,1
2578,1519,1
2579,1520,1
2580,1521,1
2581,1522,1
2582,1523,1
2583,1524,1
2584,1524,2
2585,1525,1
2586,1526,1
2587,1527,1
2588,1528,1
2589,1529,1
2590,1530,1
2591,1531,1
2592,1532,1
2593,1533,1
2594,1534,1
2595,1535,1
2596,1536,1
2597,1536,2
2598,1537,1
2599,1538,1
2600,1539,1
2601,1539,2
2602,1539,3
2603,1539,4
2604,1540,1
2605,1540,2
2606,1540,3
2607,1540,4
2608,1541,1
2609,1541,2
2610,1541,3
2611,1541,4
2612,1542,1
2613,1542,2
2614,1542,3
2615,1542,4
2616,1543,1
2617,1543,2
2618,1543,3
2619,1543,4
2620,1544,1
2621,1544,2
2622,1544,3
2623,1544,4
2624,1545,1
2625,1546,1
2626,1546,2
2627,1547,1
2628,1548,1
2629,1549,1
2630,1549,2
2631,1549,3
2632,1550,1
2633,1550,2
2634,1550,3
2635,1551,1
2636,1552,1
2637,1553,1
2638,1553,2
2639,1554,1
2640,1554,2
2641,1555,1
2642,1555,2
2643,1555,3
2644,1556,1
2645,1556,2
2646,1556,3
2647,1557,1
2648,1557,2
2649,1557,3
2650,1558,1
2651,1558,2
2652,1558,3
2653,1559,1
2654,1560,1
2655,1561,1
2656,1561,2
2657,1562,1
2658,1562,2
2659,1563,1
2660,1563,2
2661,1564,1
2662,1564,2
2663,1564,3
2664,1565,1
2665,1565,2
2666,1565,3
2667,1566,1
2668,1567,1
2669,1568,1
2670,1569,1
2671,1569,2
2672,1569,3
2673,1570,1
2674,1570,2
2675,1570,3
2676,1571,1
2677,1571,2
2678,1572,1
2679,1573,1
2680,1573,2
2681,1574,1
2682,1574,2
2683,1575,1
2684,1576,1
2685,1576,2
2686,1577,1
2687,1577,2
2688,1577,3
2689,1578,1
2690,1579,1
2691,1580,1
2692,1580,2
2693,1581,1
2694,1581,2
2695,1582,1
2696,1582,2
2697,1583,1
2698,1583,2
2699,1584,1
2700,1584,2
2701,1585,1
2702,1585,2
2703,1586,1
2704,1586,2
2705,1586,3
2706,1587,1
2707,1588,1
2708,1589,1
2709,1589,2
2710,1589,3
2711,1590,1
2712,1590,2
2713,1590,3
2714,1591,1
2715,1592,1
2716,1592,2
2717,1592,3
2718,1593,1
2719,1593,2
2720,1593,3
2721,1594,1
2722,1594,2
2723,1595,1
2724,1595,2
2725,1596,1
2726,1597,1
2727,1598,1
2728,1598,2
2729,1598,3
2730,1599,1
2731,1600,1
2732,1601,1
2733,1601,2
2734,1602,1
2735,1603,1
2736,1603,2
2737,1604,1
2738,1604,2
2739,1605,1
2740,1606,1
2741,1607,1
2742,1608,1
2743,1608,2
2744,1608,3
2745,1609,1
2746,1610,1
2747,1611,1
2748,1612,1
2749,1613,1
2750,1613,2
2751,1614,1
2752,1614,2
2753,1615,1
2754,1615,2
2755,1615,3
2756,1616,1
2757,1616,2
2758,1616,3
2759,1616,4
2760,1617,1
2761,1617,2
2762,1617,3
2763,1618,1
2764,1619,1
2765,1620,1
2766,1620,2
2767,1620,3
2768,1621,1
2769,1621,2
2770,1621,3
2771,1622,1
2772,1622,2
2773,1622,3
2774,1623,1
2775,1624,1
2776,1624,2
2777,1624,3
2778,1625,1
2779,1625,2
2780,1626,1
2781,1627,1
2782,1628,1
2783,1629,1
2784,1630,1
2785,1631,1
2786,1631,2
2787,1632,1
2788,1633,1
2789,1633,2
2790,1634,1
2791,1635,1
2792,1636,1
2793,1637,1
2794,1638,1
2795,1639,1
2796,1639,2
2797,1640,1
2798,1640,2
2799,1641,1
2800,1641,2
2801,1641,3
2802,1642,1
2803,1643,1
2804,1643,2
2805,1643,3
2806,1643,4
2807,1644,1
2808,1644,2
2809,1644,3
2810,1644,4
2811,1645,1
2812,1645,2
2813,1645,3
2814,1646,1
2815,1646,2
2816,1647,1
2817,1647,2
2818,1648,1
2819,1649,1
2820,1650,1
2821,1651,1
2822,1652,1
2823,1652,2
2824,1653,1
2825,1654,1
2826,1655,1
2827,1656,1
2828,1657,1
2829,1658,1
2830,1659,1
2831,1660,1
2832,1661,1
2833,1662,1
2834,1662,2
2835,1662,3
2836,1663,1
2837,1663,2
2838,1663,3
2839,1663,4
2840,1664,1
2841,1664,2
2842,1664,3
2843,1665,1
2844,1665,2
2845,1666,1
2846,1666,2
2847,1666,3
2848,1667,1
2849,1667,2
2850,1668,1
2851,1668,2
2852,1669,1
2853,1669,2
2854,1670,1
2855,1670,2
2856,1671,1
2857,1671,2
2858,1671,3
2859,1672,1
2860,1672,2
2861,1673,1
2862,1674,1
2863,1674,2
2864,1674,3
2865,1675,1
2866,1675,2
2867,1676,1
2868,1676,2
2869,1677,1
2870,1677,2
2871,1677,3
2872,1678,1
2873,1678,2
2874,1678,3
2875,1679,1
2876,1679,2
2877,1680,1
2878,1680,2
2879,1681,1
2880,1681,2
2881,1682,1
2882,1682,2
2883,1683,1
2884,1684,1
2885,1685,1
2886,1686,1
2887,1687,1
2888,1688,1
2889,1689,1
2890,1690,1
2891,1691,1
2892,1692,1
2893,1693,1
2894,1694,1
2895,1695,1
2896,1696,1
2897,1697,1
2898,1698,1
2899,1699,1
2900,1700,1
2901,1701,1
2902,1702,1
2903,1703,1
2904,1704,1
2905,1705,1
2906,1706,1
2907,1707,1
2908,1708,1
2909,1709,1
2910,1710,1
2911,1711,1
2912,1712,1
2913,1713,1
2914,1714,1
2915,1715,1
2916,1716,1
2917,1717,1
2918,1718,1
2919,1719,1
2920,1720,1
2921,1721,1
2922,1722,1
2923,1723,1
2924,1723,2
2925,1724,1
2926,1725,1
2927,1725,2
2928,1726,1
2929,1727,1
2930,1728,1
2931,1729,1
2932,1729,2
2933,1730,1
2934,1730,2
2935,1731,1
2936,1731,2
2937,1731,3
2938,1731,4
2939,1732,1
2940,1732,2
2941,1732,3
2942,1733,1
2943,1733,2
2944,1733,3
2945,1734,1
2946,1735,1
2947,1736,1
2948,1737,1
2949,1737,2
2950,1737,3
2951,1738,1
2952,1739,1
2953,1739,2
2954,1739,3
2955,1740,1
2956,1741,1
2957,1742,1
2958,1743,1
2959,1744,1
2960,1744,2
2961,1745,1
2962,1745,2
2963,1746,1
2964,1747,1
2965,1748,1
2966,1749,1
2967,1750,1
2968,1751,1
2969,1752,1
2970,1753,1
2971,1753,2
2972,1754,1
2973,1755,1
2974,1756,1
2975,1757,1
2976,1758,1
2977,1759,1
2978,1760,1
2979,1761,1
2980,1761,2
2981,1762,1
2982,1762,2
2983,1763,1
2984,1763,2
2985,1764,1
2986,1764,2
2987,1765,1
2988,1765,2
2989,1765,3
2990,1766,1
2991,1766,2
2992,1767,1
2993,1767,2
2994,1767,3
2995,1768,1
2996,1768,2
2997,1769,1
2998,1769,2
2999,1770,1
3000,1770,2
3001,1771,1
3002,1771,2
3003,1772,1
3004,1772,2
3005,1772,3
3006,1773,1
3007,1773,2
3008,1774,1
3009,1774,2
3010,1775,1
3011,1775,2
3012,1776,1
3013,1777,1
3014,1778,1
3015,1779,1
3016,1780,1
3017,1781,1
3018,1781,2
3019,1782,1
3020,1782,2
3021,1783,1
3022,1784,1
3023,1785,1
3024,1786,1
3025,1787,1
3026,1787,2
3027,1788,1
3028,1789,1
3029,1790,1
3030,1790,2
3031,1790,3
3032,1791,1
3033,1792,1
3034,1793,1
3035,1793,2
3036,1793,3
3037,1794,1
3038,1794,2
3039,1795,1
3040,1796,1
3041,1796,2
3042,1797,1
3043,1797,2
3044,1798,1
3045,1798,2
3046,1799,1
3047,1799,2
3048,1799,3
3049,1800,1
3050,1800,2
3051,1801,1
3052,1802,1
3053,1802,2
3054,1803,1
3055,1803,2
3056,1804,1
3057,1805,1
3058,1805,2
3059,1806,1
3060,1807,1
3061,1808,1
3062,1809,1
3063,1810,1
3064,1810,2
3065,1811,1
3066,1811,2
3067,1812,1
3068,1813,1
3069,1814,1
3070,1815,1
3071,1816,1
3072,1817,1
3073,1817,2
